Year,за спеціальностями,за рівнями (ступенями) освіти,Value
2015,,,41.27
2016,,,24.04
2017,,,23.72
2018,,,23.36
2019,,,23.24
2020,,,23.08
2021,,,22.98
2022,,,21.57
2023,,,19.4
2024,,,19.0
2015,Екологія,,100.0
2016,Екологія,,59.08
2017,Екологія,,58.76
2018,Екологія,,57.4
2019,Екологія,,55.95
2020,Екологія,,54.88
2021,Екологія,,54.77
2022,Екологія,,46.74
2023,Екологія,,41.01
2024,Екологія,,38.33
2015,Хімія,,
2016,Хімія,,74.21
2017,Хімія,,72.23
2018,Хімія,,71.45
2019,Хімія,,70.45
2020,Хімія,,66.47
2021,Хімія,,62.58
2022,Хімія,,60.32
2023,Хімія,,55.29
2024,Хімія,,53.11
2015,Науки про Землю,,100.0
2016,Науки про Землю,,49.75
2017,Науки про Землю,,46.82
2018,Науки про Землю,,43.48
2019,Науки про Землю,,42.44
2020,Науки про Землю,,42.35
2021,Науки про Землю,,42.26
2022,Науки про Землю,,37.23
2023,Науки про Землю,,27.32
2024,Науки про Землю,,26.48
2015,Фізика та астрономія,,50.0
2016,Фізика та астрономія,,37.99
2017,Фізика та астрономія,,38.5
2018,Фізика та астрономія,,37.53
2019,Фізика та астрономія,,34.62
2020,Фізика та астрономія,,33.05
2021,Фізика та астрономія,,33.17
2022,Фізика та астрономія,,30.23
2023,Фізика та астрономія,,24.95
2024,Фізика та астрономія,,23.23
2015,Прикладна фізика та наноматеріали,,
2016,Прикладна фізика та наноматеріали,,22.8
2017,Прикладна фізика та наноматеріали,,24.05
2018,Прикладна фізика та наноматеріали,,24.09
2019,Прикладна фізика та наноматеріали,,23.49
2020,Прикладна фізика та наноматеріали,,23.16
2021,Прикладна фізика та наноматеріали,,23.67
2022,Прикладна фізика та наноматеріали,,23.26
2023,Прикладна фізика та наноматеріали,,20.52
2024,Прикладна фізика та наноматеріали,,19.49
2015,Географія,,
2016,Географія,,
2017,Географія,,63.99
2018,Географія,,61.32
2019,Географія,,61.08
2020,Географія,,60.75
2021,Географія,,55.26
2022,Географія,,47.54
2023,Географія,,42.62
2024,Географія,,40.44
2015,Математика,,100.0
2016,Математика,,67.35
2017,Математика,,64.39
2018,Математика,,61.94
2019,Математика,,58.25
2020,Математика,,53.3
2021,Математика,,51.05
2022,Математика,,48.75
2023,Математика,,45.28
2024,Математика,,45.91
2015,Статистика,,
2016,Статистика,,55.15
2017,Статистика,,55.38
2018,Статистика,,54.04
2019,Статистика,,50.84
2020,Статистика,,44.55
2021,Статистика,,43.84
2022,Статистика,,43.89
2023,Статистика,,31.1
2024,Статистика,,28.66
2015,Прикладна математика,,
2016,Прикладна математика,,33.89
2017,Прикладна математика,,32.54
2018,Прикладна математика,,32.23
2019,Прикладна математика,,31.73
2020,Прикладна математика,,30.95
2021,Прикладна математика,,31.31
2022,Прикладна математика,,29.85
2023,Прикладна математика,,29.05
2024,Прикладна математика,,31.14
2015,Інженерія програмного забезпечення,,
2016,Інженерія програмного забезпечення,,16.02
2017,Інженерія програмного забезпечення,,14.92
2018,Інженерія програмного забезпечення,,14.6
2019,Інженерія програмного забезпечення,,14.62
2020,Інженерія програмного забезпечення,,14.55
2021,Інженерія програмного забезпечення,,14.79
2022,Інженерія програмного забезпечення,,14.57
2023,Інженерія програмного забезпечення,,14.96
2024,Інженерія програмного забезпечення,,16.17
2015,Комп’ютерні науки та інформаційні технології,,
2016,Комп’ютерні науки та інформаційні технології,,22.47
2017,Комп’ютерні науки та інформаційні технології,,22.79
2018,Комп’ютерні науки та інформаційні технології,,22.3
2019,Комп’ютерні науки та інформаційні технології,,22.95
2020,Комп’ютерні науки та інформаційні технології,,15.99
2021,Комп’ютерні науки та інформаційні технології,,13.56
2022,Комп’ютерні науки та інформаційні технології,,9.09
2023,Комп’ютерні науки та інформаційні технології,,7.41
2024,Комп’ютерні науки та інформаційні технології,,9.09
2015,Комп’ютерні науки,,
2016,Комп’ютерні науки,,19.05
2017,Комп’ютерні науки,,20.37
2018,Комп’ютерні науки,,20.27
2019,Комп’ютерні науки,,19.74
2020,Комп’ютерні науки,,20.12
2021,Комп’ютерні науки,,20.28
2022,Комп’ютерні науки,,19.03
2023,Комп’ютерні науки,,18.99
2024,Комп’ютерні науки,,20.42
2015,Комп’ютерна інженерія,,
2016,Комп’ютерна інженерія,,11.85
2017,Комп’ютерна інженерія,,11.77
2018,Комп’ютерна інженерія,,11.5
2019,Комп’ютерна інженерія,,11.21
2020,Комп’ютерна інженерія,,11.09
2021,Комп’ютерна інженерія,,11.31
2022,Комп’ютерна інженерія,,10.87
2023,Комп’ютерна інженерія,,10.78
2024,Комп’ютерна інженерія,,10.77
2015,Системний аналіз,,
2016,Системний аналіз,,34.06
2017,Системний аналіз,,34.57
2018,Системний аналіз,,33.57
2019,Системний аналіз,,32.96
2020,Системний аналіз,,32.94
2021,Системний аналіз,,32.62
2022,Системний аналіз,,31.58
2023,Системний аналіз,,30.37
2024,Системний аналіз,,34.43
2015,Кібербезпека,,
2016,Кібербезпека,,19.58
2017,Кібербезпека,,19.54
2018,Кібербезпека,,18.64
2019,Кібербезпека,,18.12
2020,Кібербезпека,,17.4
2021,Кібербезпека,,17.73
2022,Кібербезпека,,17.06
2023,Кібербезпека,,16.92
2024,Кібербезпека,,19.62
2015,Прикладна механіка,,33.33
2016,Прикладна механіка,,10.05
2017,Прикладна механіка,,9.16
2018,Прикладна механіка,,8.95
2019,Прикладна механіка,,8.57
2020,Прикладна механіка,,7.88
2021,Прикладна механіка,,7.05
2022,Прикладна механіка,,6.57
2023,Прикладна механіка,,5.77
2024,Прикладна механіка,,5.22
2015,Матеріалознавство,,
2016,Матеріалознавство,,22.75
2017,Матеріалознавство,,22.3
2018,Матеріалознавство,,21.25
2019,Матеріалознавство,,20.99
2020,Матеріалознавство,,21.0
2021,Матеріалознавство,,22.03
2022,Матеріалознавство,,18.74
2023,Матеріалознавство,,14.73
2024,Матеріалознавство,,13.87
2015,Галузеве машинобудування,,
2016,Галузеве машинобудування,,7.73
2017,Галузеве машинобудування,,7.54
2018,Галузеве машинобудування,,7.36
2019,Галузеве машинобудування,,7.41
2020,Галузеве машинобудування,,7.63
2021,Галузеве машинобудування,,7.68
2022,Галузеве машинобудування,,7.19
2023,Галузеве машинобудування,,5.79
2024,Галузеве машинобудування,,4.8
2015,Авіаційна та ракетно-космічна техніка,,
2016,Авіаційна та ракетно-космічна техніка,,15.73
2017,Авіаційна та ракетно-космічна техніка,,16.02
2018,Авіаційна та ракетно-космічна техніка,,16.11
2019,Авіаційна та ракетно-космічна техніка,,15.57
2020,Авіаційна та ракетно-космічна техніка,,15.28
2021,Авіаційна та ракетно-космічна техніка,,16.12
2022,Авіаційна та ракетно-космічна техніка,,13.78
2023,Авіаційна та ракетно-космічна техніка,,13.06
2024,Авіаційна та ракетно-космічна техніка,,13.28
2015,Суднобудування,,
2016,Суднобудування,,7.89
2017,Суднобудування,,6.16
2018,Суднобудування,,6.11
2019,Суднобудування,,6.85
2020,Суднобудування,,6.59
2021,Суднобудування,,7.75
2022,Суднобудування,,8.38
2023,Суднобудування,,7.66
2024,Суднобудування,,8.84
2015,Металургія,,
2016,Металургія,,19.75
2017,Металургія,,19.92
2018,Металургія,,19.79
2019,Металургія,,20.7
2020,Металургія,,20.23
2021,Металургія,,20.48
2022,Металургія,,19.06
2023,Металургія,,14.8
2024,Металургія,,11.86
2015,"Електроенергетика, електротехніка та електромеханіка",,
2016,"Електроенергетика, електротехніка та електромеханіка",,8.39
2017,"Електроенергетика, електротехніка та електромеханіка",,8.63
2018,"Електроенергетика, електротехніка та електромеханіка",,8.54
2019,"Електроенергетика, електротехніка та електромеханіка",,7.98
2020,"Електроенергетика, електротехніка та електромеханіка",,7.85
2021,"Електроенергетика, електротехніка та електромеханіка",,7.35
2022,"Електроенергетика, електротехніка та електромеханіка",,7.03
2023,"Електроенергетика, електротехніка та електромеханіка",,6.15
2024,"Електроенергетика, електротехніка та електромеханіка",,5.69
2015,Енергетичне машинобудування,,
2016,Енергетичне машинобудування,,4.15
2017,Енергетичне машинобудування,,4.56
2018,Енергетичне машинобудування,,4.58
2019,Енергетичне машинобудування,,4.48
2020,Енергетичне машинобудування,,4.47
2021,Енергетичне машинобудування,,3.83
2022,Енергетичне машинобудування,,3.94
2023,Енергетичне машинобудування,,3.96
2024,Енергетичне машинобудування,,4.02
2015,Атомна енергетика,,
2016,Атомна енергетика,,16.44
2017,Атомна енергетика,,16.03
2018,Атомна енергетика,,16.31
2019,Атомна енергетика,,18.13
2020,Атомна енергетика,,19.27
2021,Атомна енергетика,,20.3
2022,Атомна енергетика,,20.0
2023,Атомна енергетика,,17.78
2024,Атомна енергетика,,20.06
2015,Теплоенергетика,,
2016,Теплоенергетика,,20.92
2017,Теплоенергетика,,20.87
2018,Теплоенергетика,,19.9
2019,Теплоенергетика,,18.67
2020,Теплоенергетика,,19.24
2021,Теплоенергетика,,18.62
2022,Теплоенергетика,,17.38
2023,Теплоенергетика,,15.23
2024,Теплоенергетика,,14.06
2015,Автоматизація та комп’ютерно-інтегровані технології,,
2016,Автоматизація та комп’ютерно-інтегровані технології,,14.59
2017,Автоматизація та комп’ютерно-інтегровані технології,,13.94
2018,Автоматизація та комп’ютерно-інтегровані технології,,12.88
2019,Автоматизація та комп’ютерно-інтегровані технології,,11.96
2020,Автоматизація та комп’ютерно-інтегровані технології,,11.11
2021,Автоматизація та комп’ютерно-інтегровані технології,,10.41
2022,Автоматизація та комп’ютерно-інтегровані технології,,9.68
2023,Автоматизація та комп’ютерно-інтегровані технології,,9.15
2024,Автоматизація та комп’ютерно-інтегровані технології,,9.8
2015,Метрологія та інформаційно-вимірювальна техніка,,
2016,Метрологія та інформаційно-вимірювальна техніка,,35.93
2017,Метрологія та інформаційно-вимірювальна техніка,,33.52
2018,Метрологія та інформаційно-вимірювальна техніка,,32.82
2019,Метрологія та інформаційно-вимірювальна техніка,,31.8
2020,Метрологія та інформаційно-вимірювальна техніка,,29.09
2021,Метрологія та інформаційно-вимірювальна техніка,,26.11
2022,Метрологія та інформаційно-вимірювальна техніка,,21.39
2023,Метрологія та інформаційно-вимірювальна техніка,,19.87
2024,Метрологія та інформаційно-вимірювальна техніка,,22.63
2015,Мікро- та наносистемна техніка,,
2016,Мікро- та наносистемна техніка,,17.66
2017,Мікро- та наносистемна техніка,,16.21
2018,Мікро- та наносистемна техніка,,16.43
2019,Мікро- та наносистемна техніка,,16.31
2020,Мікро- та наносистемна техніка,,15.44
2021,Мікро- та наносистемна техніка,,14.52
2022,Мікро- та наносистемна техніка,,13.02
2023,Мікро- та наносистемна техніка,,12.44
2024,Мікро- та наносистемна техніка,,13.43
2015,Хімічні технології та інженерія,,
2016,Хімічні технології та інженерія,,56.63
2017,Хімічні технології та інженерія,,55.99
2018,Хімічні технології та інженерія,,54.49
2019,Хімічні технології та інженерія,,53.3
2020,Хімічні технології та інженерія,,53.44
2021,Хімічні технології та інженерія,,53.02
2022,Хімічні технології та інженерія,,49.46
2023,Хімічні технології та інженерія,,40.79
2024,Хімічні технології та інженерія,,36.19
2015,Біотехнології та біоінженерія,,
2016,Біотехнології та біоінженерія,,67.81
2017,Біотехнології та біоінженерія,,68.89
2018,Біотехнології та біоінженерія,,71.06
2019,Біотехнології та біоінженерія,,70.7
2020,Біотехнології та біоінженерія,,69.68
2021,Біотехнології та біоінженерія,,68.71
2022,Біотехнології та біоінженерія,,64.78
2023,Біотехнології та біоінженерія,,61.05
2024,Біотехнології та біоінженерія,,60.5
2015,Біомедична інженерія,,
2016,Біомедична інженерія,,41.96
2017,Біомедична інженерія,,40.37
2018,Біомедична інженерія,,40.04
2019,Біомедична інженерія,,40.67
2020,Біомедична інженерія,,42.71
2021,Біомедична інженерія,,43.59
2022,Біомедична інженерія,,43.02
2023,Біомедична інженерія,,37.47
2024,Біомедична інженерія,,40.08
2015,Електроніка,,
2016,Електроніка,,11.05
2017,Електроніка,,11.04
2018,Електроніка,,10.79
2019,Електроніка,,10.58
2020,Електроніка,,11.07
2021,Електроніка,,10.91
2022,Електроніка,,9.7
2023,Електроніка,,8.05
2024,Електроніка,,7.96
2015,Електронні комунікації та радіотехніка,,
2016,Електронні комунікації та радіотехніка,,
2017,Електронні комунікації та радіотехніка,,
2018,Електронні комунікації та радіотехніка,,
2019,Електронні комунікації та радіотехніка,,
2020,Електронні комунікації та радіотехніка,,100.0
2021,Електронні комунікації та радіотехніка,,33.33
2022,Електронні комунікації та радіотехніка,,
2023,Електронні комунікації та радіотехніка,,8.61
2024,Електронні комунікації та радіотехніка,,8.98
2015,Телекомунікації та радіотехніка,,
2016,Телекомунікації та радіотехніка,,15.68
2017,Телекомунікації та радіотехніка,,14.9
2018,Телекомунікації та радіотехніка,,13.72
2019,Телекомунікації та радіотехніка,,12.9
2020,Телекомунікації та радіотехніка,,12.39
2021,Телекомунікації та радіотехніка,,12.19
2022,Телекомунікації та радіотехніка,,11.43
2023,Телекомунікації та радіотехніка,,10.66
2024,Телекомунікації та радіотехніка,,10.66
2015,Авіоніка,,
2016,Авіоніка,,16.14
2017,Авіоніка,,13.89
2018,Авіоніка,,12.74
2019,Авіоніка,,13.35
2020,Авіоніка,,13.36
2021,Авіоніка,,13.17
2022,Авіоніка,,13.59
2023,Авіоніка,,13.78
2024,Авіоніка,,15.53
2015,Харчові технології,,
2016,Харчові технології,,61.32
2017,Харчові технології,,60.69
2018,Харчові технології,,60.25
2019,Харчові технології,,59.74
2020,Харчові технології,,59.58
2021,Харчові технології,,59.51
2022,Харчові технології,,56.29
2023,Харчові технології,,49.51
2024,Харчові технології,,45.4
2015,Технології легкої промисловості,,
2016,Технології легкої промисловості,,92.06
2017,Технології легкої промисловості,,91.99
2018,Технології легкої промисловості,,92.17
2019,Технології легкої промисловості,,91.76
2020,Технології легкої промисловості,,91.41
2021,Технології легкої промисловості,,90.35
2022,Технології легкої промисловості,,88.05
2023,Технології легкої промисловості,,75.58
2024,Технології легкої промисловості,,69.27
2015,Технології захисту навколишнього середовища,,
2016,Технології захисту навколишнього середовища,,58.71
2017,Технології захисту навколишнього середовища,,56.36
2018,Технології захисту навколишнього середовища,,52.48
2019,Технології захисту навколишнього середовища,,49.07
2020,Технології захисту навколишнього середовища,,47.09
2021,Технології захисту навколишнього середовища,,45.88
2022,Технології захисту навколишнього середовища,,38.65
2023,Технології захисту навколишнього середовища,,25.37
2024,Технології захисту навколишнього середовища,,26.17
2015,Гірництво,,33.33
2016,Гірництво,,13.97
2017,Гірництво,,13.22
2018,Гірництво,,13.33
2019,Гірництво,,13.72
2020,Гірництво,,14.55
2021,Гірництво,,15.72
2022,Гірництво,,15.07
2023,Гірництво,,12.26
2024,Гірництво,,11.98
2015,Нафтогазова інженерія та технології,,
2016,Нафтогазова інженерія та технології,,6.43
2017,Нафтогазова інженерія та технології,,7.67
2018,Нафтогазова інженерія та технології,,8.48
2019,Нафтогазова інженерія та технології,,9.05
2020,Нафтогазова інженерія та технології,,9.61
2021,Нафтогазова інженерія та технології,,10.64
2022,Нафтогазова інженерія та технології,,10.79
2023,Нафтогазова інженерія та технології,,8.17
2024,Нафтогазова інженерія та технології,,7.09
2015,Видавництво та поліграфія,,
2016,Видавництво та поліграфія,,51.65
2017,Видавництво та поліграфія,,50.74
2018,Видавництво та поліграфія,,49.77
2019,Видавництво та поліграфія,,51.23
2020,Видавництво та поліграфія,,53.93
2021,Видавництво та поліграфія,,57.21
2022,Видавництво та поліграфія,,55.36
2023,Видавництво та поліграфія,,56.58
2024,Видавництво та поліграфія,,58.04
2015,Архітектура та містобудування,,85.71
2016,Архітектура та містобудування,,59.11
2017,Архітектура та містобудування,,60.19
2018,Архітектура та містобудування,,59.44
2019,Архітектура та містобудування,,58.64
2020,Архітектура та містобудування,,59.15
2021,Архітектура та містобудування,,59.82
2022,Архітектура та містобудування,,60.39
2023,Архітектура та містобудування,,61.94
2024,Архітектура та містобудування,,65.39
2015,Будівництво та цивільна інженерія,,38.46
2016,Будівництво та цивільна інженерія,,21.44
2017,Будівництво та цивільна інженерія,,20.77
2018,Будівництво та цивільна інженерія,,20.58
2019,Будівництво та цивільна інженерія,,20.8
2020,Будівництво та цивільна інженерія,,20.89
2021,Будівництво та цивільна інженерія,,22.06
2022,Будівництво та цивільна інженерія,,20.52
2023,Будівництво та цивільна інженерія,,18.03
2024,Будівництво та цивільна інженерія,,17.45
2015,Геодезія та землеустрій,,
2016,Геодезія та землеустрій,,43.59
2017,Геодезія та землеустрій,,42.92
2018,Геодезія та землеустрій,,42.31
2019,Геодезія та землеустрій,,41.76
2020,Геодезія та землеустрій,,40.42
2021,Геодезія та землеустрій,,40.3
2022,Геодезія та землеустрій,,35.04
2023,Геодезія та землеустрій,,29.92
2024,Геодезія та землеустрій,,26.99
2015,Агрономія,,25.0
2016,Агрономія,,27.14
2017,Агрономія,,26.14
2018,Агрономія,,24.63
2019,Агрономія,,24.1
2020,Агрономія,,23.64
2021,Агрономія,,24.43
2022,Агрономія,,22.34
2023,Агрономія,,18.49
2024,Агрономія,,17.79
2015,Захист і карантин рослин,,
2016,Захист і карантин рослин,,45.72
2017,Захист і карантин рослин,,43.63
2018,Захист і карантин рослин,,41.39
2019,Захист і карантин рослин,,40.55
2020,Захист і карантин рослин,,40.12
2021,Захист і карантин рослин,,38.45
2022,Захист і карантин рослин,,30.85
2023,Захист і карантин рослин,,19.55
2024,Захист і карантин рослин,,21.53
2015,Садівництво та виноградарство,,
2016,Садівництво та виноградарство,,35.29
2017,Садівництво та виноградарство,,36.89
2018,Садівництво та виноградарство,,33.05
2019,Садівництво та виноградарство,,30.84
2020,Садівництво та виноградарство,,28.68
2021,Садівництво та виноградарство,,31.03
2022,Садівництво та виноградарство,,26.08
2023,Садівництво та виноградарство,,22.74
2024,Садівництво та виноградарство,,28.89
2015,Технологія виробництва і переробки продукції тваринництва,,100.0
2016,Технологія виробництва і переробки продукції тваринництва,,52.77
2017,Технологія виробництва і переробки продукції тваринництва,,50.49
2018,Технологія виробництва і переробки продукції тваринництва,,48.99
2019,Технологія виробництва і переробки продукції тваринництва,,48.85
2020,Технологія виробництва і переробки продукції тваринництва,,48.89
2021,Технологія виробництва і переробки продукції тваринництва,,49.09
2022,Технологія виробництва і переробки продукції тваринництва,,46.76
2023,Технологія виробництва і переробки продукції тваринництва,,38.61
2024,Технологія виробництва і переробки продукції тваринництва,,33.5
2015,Лісове господарство,,
2016,Лісове господарство,,
2017,Лісове господарство,,11.9
2018,Лісове господарство,,11.82
2019,Лісове господарство,,10.92
2020,Лісове господарство,,11.16
2021,Лісове господарство,,11.21
2022,Лісове господарство,,11.93
2023,Лісове господарство,,10.26
2024,Лісове господарство,,8.5
2015,Садово-паркове господарство,,
2016,Садово-паркове господарство,,
2017,Садово-паркове господарство,,59.33
2018,Садово-паркове господарство,,62.28
2019,Садово-паркове господарство,,62.08
2020,Садово-паркове господарство,,61.74
2021,Садово-паркове господарство,,62.77
2022,Садово-паркове господарство,,65.05
2023,Садово-паркове господарство,,59.99
2024,Садово-паркове господарство,,48.18
2015,Водні біоресурси та аквакультура,,
2016,Водні біоресурси та аквакультура,,
2017,Водні біоресурси та аквакультура,,32.22
2018,Водні біоресурси та аквакультура,,29.82
2019,Водні біоресурси та аквакультура,,26.7
2020,Водні біоресурси та аквакультура,,25.26
2021,Водні біоресурси та аквакультура,,24.18
2022,Водні біоресурси та аквакультура,,22.06
2023,Водні біоресурси та аквакультура,,19.16
2024,Водні біоресурси та аквакультура,,13.45
2015,Агроінженерія,,
2016,Агроінженерія,,
2017,Агроінженерія,,2.11
2018,Агроінженерія,,2.18
2019,Агроінженерія,,2.13
2020,Агроінженерія,,2.44
2021,Агроінженерія,,2.68
2022,Агроінженерія,,2.9
2023,Агроінженерія,,2.74
2024,Агроінженерія,,2.41
2015,Пожежна безпека,,
2016,Пожежна безпека,,
2017,Пожежна безпека,,
2018,Пожежна безпека,,
2019,Пожежна безпека,,10.4
2020,Пожежна безпека,,10.84
2021,Пожежна безпека,,12.88
2022,Пожежна безпека,,15.39
2023,Пожежна безпека,,16.9
2024,Пожежна безпека,,17.16
2015,Правоохоронна діяльність,,50.0
2016,Правоохоронна діяльність,,52.82
2017,Правоохоронна діяльність,,47.52
2018,Правоохоронна діяльність,,48.24
2019,Правоохоронна діяльність,,48.92
2020,Правоохоронна діяльність,,51.29
2021,Правоохоронна діяльність,,53.95
2022,Правоохоронна діяльність,,50.01
2023,Правоохоронна діяльність,,47.85
2024,Правоохоронна діяльність,,50.71
2015,Цивільна безпека,,
2016,Цивільна безпека,,31.37
2017,Цивільна безпека,,34.2
2018,Цивільна безпека,,37.53
2019,Цивільна безпека,,38.63
2020,Цивільна безпека,,40.7
2021,Цивільна безпека,,40.89
2022,Цивільна безпека,,35.21
2023,Цивільна безпека,,30.79
2024,Цивільна безпека,,32.27
2015,Морський та внутрішній водний транспорт,,
2016,Морський та внутрішній водний транспорт,,
2017,Морський та внутрішній водний транспорт,,
2018,Морський та внутрішній водний транспорт,,
2019,Морський та внутрішній водний транспорт,,
2020,Морський та внутрішній водний транспорт,,
2021,Морський та внутрішній водний транспорт,,
2022,Морський та внутрішній водний транспорт,,1.12
2023,Морський та внутрішній водний транспорт,,1.35
2024,Морський та внутрішній водний транспорт,,1.79
2015,Річковий та морський транспорт,,
2016,Річковий та морський транспорт,,
2017,Річковий та морський транспорт,,0.46
2018,Річковий та морський транспорт,,0.57
2019,Річковий та морський транспорт,,0.65
2020,Річковий та морський транспорт,,0.73
2021,Річковий та морський транспорт,,0.87
2022,Річковий та морський транспорт,,0.99
2023,Річковий та морський транспорт,,0.99
2024,Річковий та морський транспорт,,7.02
2015,Авіаційний транспорт,,
2016,Авіаційний транспорт,,
2017,Авіаційний транспорт,,20.53
2018,Авіаційний транспорт,,17.3
2019,Авіаційний транспорт,,16.09
2020,Авіаційний транспорт,,15.79
2021,Авіаційний транспорт,,14.43
2022,Авіаційний транспорт,,13.63
2023,Авіаційний транспорт,,13.91
2024,Авіаційний транспорт,,14.75
2015,Залізничний транспорт,,
2016,Залізничний транспорт,,
2017,Залізничний транспорт,,18.56
2018,Залізничний транспорт,,18.46
2019,Залізничний транспорт,,17.47
2020,Залізничний транспорт,,16.39
2021,Залізничний транспорт,,15.59
2022,Залізничний транспорт,,13.78
2023,Залізничний транспорт,,12.76
2024,Залізничний транспорт,,12.16
2015,Автомобільний транспорт,,
2016,Автомобільний транспорт,,
2017,Автомобільний транспорт,,1.36
2018,Автомобільний транспорт,,1.57
2019,Автомобільний транспорт,,1.57
2020,Автомобільний транспорт,,1.58
2021,Автомобільний транспорт,,1.61
2022,Автомобільний транспорт,,1.83
2023,Автомобільний транспорт,,1.82
2024,Автомобільний транспорт,,1.66
2015,Транспортні технології,,
2016,Транспортні технології,,
2017,Транспортні технології,,38.0
2018,Транспортні технології,,37.76
2019,Транспортні технології,,37.88
2020,Транспортні технології,,37.34
2021,Транспортні технології,,36.93
2022,Транспортні технології,,36.6
2023,Транспортні технології,,33.23
2024,Транспортні технології,,29.42
2015,,фаховий молодший бакалавр,
2016,,фаховий молодший бакалавр,
2017,,фаховий молодший бакалавр,
2018,,фаховий молодший бакалавр,
2019,,фаховий молодший бакалавр,
2020,,фаховий молодший бакалавр,20.38
2021,,фаховий молодший бакалавр,20.37
2022,,фаховий молодший бакалавр,19.62
2023,,фаховий молодший бакалавр,18.83
2024,,фаховий молодший бакалавр,16.77
2015,,молодший спеціаліст,27.27
2016,,молодший спеціаліст,20.2
2017,,молодший спеціаліст,19.82
2018,,молодший спеціаліст,19.61
2019,,молодший спеціаліст,19.44
2020,,молодший спеціаліст,18.96
2021,,молодший спеціаліст,18.31
2022,,молодший спеціаліст,17.87
2023,,молодший спеціаліст,13.09
2024,,молодший спеціаліст,14.01
2015,,молодший бакалавр,
2016,,молодший бакалавр,
2017,,молодший бакалавр,
2018,,молодший бакалавр,
2019,,молодший бакалавр,31.03
2020,,молодший бакалавр,26.53
2021,,молодший бакалавр,27.86
2022,,молодший бакалавр,25.12
2023,,молодший бакалавр,13.91
2024,,молодший бакалавр,11.5
2015,,бакалавр,
2016,,бакалавр,24.31
2017,,бакалавр,23.92
2018,,бакалавр,24.0
2019,,бакалавр,24.02
2020,,бакалавр,24.15
2021,,бакалавр,24.47
2022,,бакалавр,23.87
2023,,бакалавр,21.99
2024,,бакалавр,22.55
2015,,спеціаліст,100.0
2016,,спеціаліст,22.24
2017,,спеціаліст,17.95
2018,,спеціаліст,24.78
2019,,спеціаліст,22.86
2020,,спеціаліст,23.81
2021,,спеціаліст,23.08
2022,,спеціаліст,10.0
2023,,спеціаліст,12.22
2024,,спеціаліст,
2015,,магістр,
2016,,магістр,30.64
2017,,магістр,28.35
2018,,магістр,27.06
2019,,магістр,27.41
2020,,магістр,27.13
2021,,магістр,26.01
2022,,магістр,19.51
2023,,магістр,14.74
2024,,магістр,14.88
2015,,доктор філософії,44.9
2016,,доктор філософії,36.37
2017,,доктор філософії,32.4
2018,,доктор філософії,30.24
2019,,доктор філософії,28.82
2020,,доктор філософії,27.7
2021,,доктор філософії,27.91
2022,,доктор філософії,20.66
2023,,доктор філософії,13.71
2024,,доктор філософії,9.68
