Year,Стать,Value
2015,,
2016,,
2017,,
2018,,
2019,,
2020,,22.5
2021,,20.8
2022,,22.6
2023,,26.8
2024,,42.3
2015,жінки,
2016,жінки,
2017,жінки,
2018,жінки,
2019,жінки,
2020,жінки,12.6
2021,жінки,11.4
2022,жінки,10.5
2023,жінки,9.7
2024,жінки,9.7
2015,чоловіки,
2016,чоловіки,
2017,чоловіки,
2018,чоловіки,
2019,чоловіки,
2020,чоловіки,9.9
2021,чоловіки,9.4
2022,чоловіки,12.1
2023,чоловіки,17.1
2024,чоловіки,32.6
