Year,Місцевість проживання,Область,Value
2015,,Україна,14.4
2016,,Україна,15.3
2017,,Україна,16.0
2018,,Україна,16.9
2019,,Україна,17.9
2020,,Україна,16.3
2021,,Україна,18.1
2022,,Україна,12.3
2015,міська,Україна,18.5
2016,міська,Україна,19.7
2017,міська,Україна,20.6
2018,міська,Україна,21.7
2019,міська,Україна,23.0
2020,міська,Україна,21.1
2021,міська,Україна,23.4
2022,міська,Україна,15.6
2015,сільська,Україна,6.7
2016,сільська,Україна,7.2
2017,сільська,Україна,7.6
2018,сільська,Україна,8.0
2019,сільська,Україна,8.4
2020,сільська,Україна,7.6
2021,сільська,Україна,8.7
2022,сільська,Україна,6.5
2015,,Вінницька,18.1
2016,,Вінницька,18.7
2017,,Вінницька,20.7
2018,,Вінницька,22.7
2019,,Вінницька,22.9
2020,,Вінницька,21.4
2021,,Вінницька,24.7
2022,,Вінницька,18.4
2015,,Волинська,12.2
2016,,Волинська,12.3
2017,,Волинська,13.1
2018,,Волинська,13.6
2019,,Волинська,14.2
2020,,Волинська,12.3
2011,,Волинська,13.7
2022,,Волинська,10.7
2015,,Волинська,12.2
2016,,Волинська,12.3
2017,,Волинська,13.1
2018,,Волинська,13.6
2019,,Волинська,14.2
2020,,Волинська,12.3
2021,,Волинська,13.7
2022,,Волинська,10.7
2015,,Дніпропетровська,19.0
2016,,Дніпропетровська,19.6
2017,,Дніпропетровська,20.5
2018,,Дніпропетровська,21.0
2019,,Дніпропетровська,21.3
2020,,Дніпропетровська,20.6
2021,,Дніпропетровська,22.2
2022,,Дніпропетровська,17.8
2015,,Житомирська,15.6
2016,,Житомирська,16.5
2017,,Житомирська,16.7
2018,,Житомирська,18.4
2019,,Житомирська,18.8
2020,,Житомирська,18.5
2021,,Житомирська,20.2
2022,,Житомирська,16.0
2015,,Закарпатська,12.7
2016,,Закарпатська,13.1
2017,,Закарпатська,14.2
2018,,Закарпатська,14.8
2019,,Закарпатська,15.7
2020,,Закарпатська,13.5
2021,,Закарпатська,14.8
2022,,Закарпатська,13.2
2015,,Запорізька,16.6
2016,,Запорізька,17.0
2017,,Запорізька,17.8
2018,,Запорізька,19.1
2019,,Запорізька,20.4
2020,,Запорізька,19.2
2021,,Запорізька,21.2
2022,,Запорізька,10.9
2015,,Івано-Франківська,14.5
2016,,Івано-Франківська,15.4
2017,,Івано-Франківська,15.8
2018,,Івано-Франківська,17.2
2019,,Івано-Франківська,17.7
2020,,Івано-Франківська,15.6
2021,,Івано-Франківська,18.3
2022,,Івано-Франківська,14.2
2015,,Київська,16.3
2016,,Київська,17.4
2017,,Київська,18.0
2018,,Київська,19.3
2019,,Київська,20.4
2020,,Київська,18.6
2021,,Київська,21.1
2022,,Київська,15.7
2015,,Кіровоградська,17.1
2016,,Кіровоградська,17.8
2017,,Кіровоградська,18.7
2018,,Кіровоградська,20.2
2019,,Кіровоградська,21.0
2020,,Кіровоградська,19.1
2021,,Кіровоградська,22.0
2022,,Кіровоградська,16.9
2015,,Львівська,13.7
2016,,Львівська,14.3
2017,,Львівська,14.7
2018,,Львівська,15.8
2019,,Львівська,16.4
2020,,Львівська,14.8
2021,,Львівська,16.9
2022,,Львівська,13.5
2015,,Миколаївська,17.9
2016,,Миколаївська,18.6
2017,,Миколаївська,19.5
2018,,Миколаївська,20.7
2019,,Миколаївська,21.6
2020,,Миколаївська,20.4
2021,,Миколаївська,22.8
2022,,Миколаївська,17.1
2015,,Одеська,16.8
2016,,Одеська,17.5
2017,,Одеська,18.2
2018,,Одеська,19.4
2019,,Одеська,20.3
2020,,Одеська,18.7
2021,,Одеська,21.5
2022,,Одеська,15.2
2015,,Полтавська,15.9
2016,,Полтавська,16.7
2017,,Полтавська,17.3
2018,,Полтавська,18.6
2019,,Полтавська,19.2
2020,,Полтавська,17.8
2021,,Полтавська,20.4
2022,,Полтавська,14.6
2015,,Рівненська,13.8
2016,,Рівненська,14.4
2017,,Рівненська,15.1
2018,,Рівненська,16.3
2019,,Рівненська,17.0
2020,,Рівненська,15.4
2021,,Рівненська,17.6
2022,,Рівненська,13.1
2015,,Сумська,14.6
2016,,Сумська,15.3
2017,,Сумська,16.0
2018,,Сумська,17.2
2019,,Сумська,17.9
2020,,Сумська,16.5
2021,,Сумська,18.8
2022,,Сумська,14.0
2015,,Тернопільська,14.2
2016,,Тернопільська,14.9
2017,,Тернопільська,15.6
2018,,Тернопільська,16.8
2019,,Тернопільська,17.4
2020,,Тернопільська,15.9
2021,,Тернопільська,18.1
2022,,Тернопільська,13.8
2015,,Харківська,15.4
2016,,Харківська,16.1
2017,,Харківська,16.9
2018,,Харківська,18.2
2019,,Харківська,19.1
2020,,Харківська,17.4
2021,,Харківська,20.3
2022,,Харківська,12.6
2015,,Херсонська,18.6
2016,,Херсонська,19.4
2017,,Херсонська,20.3
2018,,Херсонська,21.5
2019,,Херсонська,22.4
2020,,Херсонська,20.8
2021,,Херсонська,23.6
2022,,Херсонська,6.4
2015,,Хмельницька,16.1
2016,,Хмельницька,16.9
2017,,Хмельницька,17.7
2018,,Хмельницька,18.9
2019,,Хмельницька,19.7
2020,,Хмельницька,18.3
2021,,Хмельницька,21.0
2022,,Хмельницька,15.1
2015,,Черкаська,15.8
2016,,Черкаська,16.6
2017,,Черкаська,17.3
2018,,Черкаська,18.5
2019,,Черкаська,19.4
2020,,Черкаська,17.9
2021,,Черкаська,20.6
2022,,Черкаська,14.8
2015,,Чернівецька,14.9
2016,,Чернівецька,15.7
2017,,Чернівецька,16.4
2018,,Чернівецька,17.6
2019,,Чернівецька,18.5
2020,,Чернівецька,17.1
2021,,Чернівецька,19.8
2022,,Чернівецька,14.3
2015,,Чернігівська,14.1
2016,,Чернігівська,14.9
2017,,Чернігівська,15.6
2018,,Чернігівська,16.8
2019,,Чернігівська,17.7
2020,,Чернігівська,16.2
2021,,Чернігівська,18.9
2022,,Чернігівська,13.5
2015,,місто Київ,9.6
2016,,місто Київ,10.1
2017,,місто Київ,10.6
2018,,місто Київ,11.4
2019,,місто Київ,12.0
2020,,місто Київ,11.1
2021,,місто Київ,12.8
2022,,місто Київ,9.3
