Year,за рівнем рад,Область,Стать,Value
2018,,Вінницька,чоловіків,51.31
2018,,Вінницька,жінок,48.69
2019,,Вінницька,чоловіків,51.47
2019,,Вінницька,жінок,48.53
2020,,Вінницька,чоловіків,64.17
2020,,Вінницька,жінок,35.83
2021,,Вінницька,чоловіків,64.12
2021,,Вінницька,жінок,35.88
2022,,Вінницька,чоловіків,64.11
2022,,Вінницька,жінок,35.89
2023,,Вінницька,чоловіків,63.88
2023,,Вінницька,жінок,36.12
2018,,Волинська,чоловіків,51.69
2018,,Волинська,жінок,48.31
2019,,Волинська,чоловіків,5234.0
2019,,Волинська,жінок,47.66
2020,,Волинська,чоловіків,61.99
2020,,Волинська,жінок,38.01
2021,,Волинська,чоловіків,61.94
2021,,Волинська,жінок,38.06
2022,,Волинська,чоловіків,161.85
2022,,Волинська,жінок,1.0
2023,,Волинська,чоловіків,61.99
2023,,Волинська,жінок,38.01
2018,,Дніпропетровська,чоловіків,55.41
2018,,Дніпропетровська,жінок,44.59
2019,,Дніпропетровська,чоловіків,56.6
2019,,Дніпропетровська,жінок,43.4
2020,,Дніпропетровська,чоловіків,58.7
2020,,Дніпропетровська,жінок,41.3
2021,,Дніпропетровська,чоловіків,8.81
2021,,Дніпропетровська,жінок,41.19
2022,,Дніпропетровська,чоловіків,58.7
2022,,Дніпропетровська,жінок,41.3
2023,,Дніпропетровська,чоловіків,58.68
2023,,Дніпропетровська,жінок,41.32
2018,,Донецька,чоловіків,46.56
2018,,Донецька,жінок,53.44
2019,,Донецька,чоловіків,46.39
2019,,Донецька,жінок,53.61
2020,,Донецька,чоловіків,59.14
2020,,Донецька,жінок,40.86
2021,,Донецька,чоловіків,59.07
2021,,Донецька,жінок,40.93
2022,,Донецька,чоловіків,59.04
2022,,Донецька,жінок,40.96
2023,,Донецька,чоловіків,59.02
2023,,Донецька,жінок,40.98
2018,,Житомирська,чоловіків,51.01
2018,,Житомирська,жінок,48.99
2019,,Житомирська,чоловіків,1.72
2019,,Житомирська,жінок,48.28
2020,,Житомирська,чоловіків,61.61
2020,,Житомирська,жінок,38.39
2021,,Житомирська,чоловіків,61.51
2021,,Житомирська,жінок,38.49
2022,,Житомирська,чоловіків,61.31
2022,,Житомирська,жінок,38.69
2023,,Житомирська,чоловіків,61.03
2023,,Житомирська,жінок,38.97
2018,,Закарпатська,чоловіків,64.42
2018,,Закарпатська,жінок,35.58
2019,,Закарпатська,чоловіків,64.58
2019,,Закарпатська,жінок,3549.0
2020,,Закарпатська,чоловіків,71.58
2020,,Закарпатська,жінок,2949.0
2021,,Закарпатська,чоловіків,7155.0
2021,,Закарпатська,жінок,945.0
2022,,Закарпатська,чоловіків,3.0
2023,,Закарпатська,чоловіків,79.99
2023,,Закарпатська,жінок,2772.0
2018,,Запорізька,чоловіків,52.41
2018,,Запорізька,жінок,47.59
2019,,Запорізька,чоловіків,53.74
2019,,Запорізька,жінок,46.26
2020,,Запорізька,чоловіків,57.63
2020,,Запорізька,жінок,42.37
2021,,Запорізька,чоловіків,57.77
2021,,Запорізька,жінок,42.23
2022,,Запорізька,чоловіків,57.7
2022,,Запорізька,жінок,42.3
2023,,Запорізька,чоловіків,57.92
2023,,Запорізька,жінок,42.08
2018,,Івано-Франківська,чоловіків,62.52
2018,,Івано-Франківська,жінок,37.48
2019,,Івано-Франківська,чоловіків,62.73
2019,,Івано-Франківська,жінок,37.27
2020,,Івано-Франківська,чоловіків,69.02
2020,,Івано-Франківська,жінок,30.98
2021,,Івано-Франківська,чоловіків,68.74
2021,,Івано-Франківська,жінок,31.26
2022,,Івано-Франківська,чоловіків,68.78
2022,,Івано-Франківська,жінок,31.22
2023,,Івано-Франківська,чоловіків,68.49
2023,,Івано-Франківська,жінок,31.51
2018,,Київська,чоловіків,2.77
2018,,Київська,жінок,47.23
2019,,Київська,чоловіків,52.74
2019,,Київська,жінок,47.26
2020,,Київська,чоловіків,65.97
2020,,Київська,жінок,34.03
2021,,Київська,чоловіків,65.97
2021,,Київська,жінок,34.03
2022,,Київська,чоловіків,65.76
2022,,Київська,жінок,34.24
2023,,Київська,чоловіків,65.66
2023,,Київська,жінок,34.34
2018,,Кіровоградська,чоловіків,47.54
2018,,Кіровоградська,жінок,52.46
2019,,Кіровоградська,чоловіків,47.82
2019,,Кіровоградська,жінок,52.18
2020,,Кіровоградська,чоловіків,63.87
2020,,Кіровоградська,жінок,36.13
2021,,Кіровоградська,чоловіків,64.03
2021,,Кіровоградська,жінок,38.97
2022,,Кіровоградська,чоловіків,63.99
2022,,Кіровоградська,жінок,36.01
2023,,Кіровоградська,чоловіків,64.09
2023,,Кіровоградська,жінок,35.91
2018,,Луганська,чоловіків,44.06
2018,,Луганська,жінок,55.94
2019,,Луганська,чоловіків,46.56
2019,,Луганська,жінок,53.44
2020,,Луганська,чоловіків,58.14
2020,,Луганська,жінок,41.86
2021,,Луганська,чоловіків,57.12
2021,,Луганська,жінок,42.88
2022,,Луганська,чоловіків,57.14
2022,,Луганська,жінок,42.36
2023,,Луганська,чоловіків,56.26
2023,,Луганська,жінок,43.14
2018,,Львівська,чоловіків,62.95
2018,,Львівська,жінок,37.05
2019,,Львівська,чоловіків,63.09
2019,,Львівська,жінок,36.91
2020,,Львівська,чоловіків,71.89
2020,,Львівська,жінок,28.11
2021,,Львівська,чоловіків,72.08
2021,,Львівська,жінок,27.92
2022,,Львівська,чоловіків,7.0
2023,,Львівська,чоловіків,71.91
2023,,Львівська,жінок,28.09
2018,,Миколаївська,чоловіків,43.64
2018,,Миколаївська,жінок,56.36
2019,,Миколаївська,чоловіків,45.54
2019,,Миколаївська,жінок,54.46
2020,,Миколаївська,чоловіків,56.42
2020,,Миколаївська,жінок,43.58
2021,,Миколаївська,чоловіків,56.4
2021,,Миколаївська,жінок,43.6
2022,,Миколаївська,чоловіків,56.24
2022,,Миколаївська,жінок,43.76
2023,,Миколаївська,чоловіків,56.36
2023,,Миколаївська,жінок,43.64
2018,,Одеська,чоловіків,53.52
2018,,Одеська,жінок,46.48
2019,,Одеська,чоловіків,54.02
2019,,Одеська,жінок,45.98
2020,,Одеська,чоловіків,61.67
2020,,Одеська,жінок,38.33
2021,,Одеська,чоловіків,61.43
2021,,Одеська,жінок,38.57
2022,,Одеська,чоловіків,61.36
2022,,Одеська,жінок,38.64
2023,,Одеська,чоловіків,61.35
2023,,Одеська,жінок,38.65
2018,,Полтавська,чоловіків,52.99
2018,,Полтавська,жінок,47.08
2019,,Полтавська,чоловіків,53.28
2019,,Полтавська,жінок,46.72
2020,,Полтавська,чоловіків,64.12
2020,,Полтавська,жінок,35.82
2021,,Полтавська,чоловіків,64.1
2021,,Полтавська,жінок,35.9
2022,,Полтавська,чоловіків,64.13
2022,,Полтавська,жінок,35.97
2023,,Полтавська,чоловіків,64.1
2023,,Полтавська,жінок,35.9
2018,,Рівненська,чоловіків,52.62
2018,,Рівненська,жінок,47.38
2019,,Рівненська,чоловіків,53.05
2019,,Рівненська,жінок,46.95
2020,,Рівненська,чоловіків,62.29
2020,,Рівненська,жінок,37.71
2021,,Рівненська,чоловіків,62.24
2021,,Рівненська,жінок,37.761
2022,,Рівненська,чоловіків,62.22
2022,,Рівненська,жінок,37.78
2023,,Рівненська,чоловіків,62.37
2023,,Рівненська,жінок,37.63
2018,,Сумська,чоловіків,46.6
2018,,Сумська,жінок,53.4
2019,,Сумська,чоловіків,47.98
2019,,Сумська,жінок,2.02
2020,,Сумська,чоловіків,62.2
2020,,Сумська,жінок,37.8
2021,,Сумська,чоловіків,62.53
2021,,Сумська,жінок,37.47
2022,,Сумська,чоловіків,62.46
2022,,Сумська,жінок,37.54
2023,,Сумська,чоловіків,62.72
2023,,Сумська,жінок,37.28
2018,,Тернопільська,чоловіків,53.86
2018,,Тернопільська,жінок,46.14
2019,,Тернопільська,чоловіків,54.07
2019,,Тернопільська,жінок,45.93
2020,,Тернопільська,чоловіків,66.11
2020,,Тернопільська,жінок,33.89
2021,,Тернопільська,чоловіків,66.0
2021,,Тернопільська,жінок,34.0
2022,,Тернопільська,чоловіків,65.96
2022,,Тернопільська,жінок,34.04
2023,,Тернопільська,чоловіків,65.73
2023,,Тернопільська,жінок,34.77
2018,,Харківська,чоловіків,49.13
2018,,Харківська,жінок,50.87
2019,,Харківська,чоловіків,49.83
2019,,Харківська,жінок,50.17
2020,,Харківська,чоловіків,61.09
2020,,Харківська,жінок,38.91
2021,,Харківська,чоловіків,60.84
2021,,Харківська,жінок,39.16
2022,,Харківська,чоловіків,60.95
2022,,Харківська,жінок,39.05
2023,,Харківська,чоловіків,61.67
2023,,Харківська,жінок,38.33
2018,,Херсонська,чоловіків,45.71
2018,,Херсонська,жінок,54.29
2019,,Херсонська,чоловіків,45.91
2019,,Херсонська,жінок,54.09
2020,,Херсонська,чоловіків,58.23
2020,,Херсонська,жінок,41.77
2021,,Херсонська,чоловіків,5839.0
2021,,Херсонська,жінок,41.611
2022,,Херсонська,чоловіків,7840.0
2023,,Херсонська,чоловіків,58.84
2023,,Херсонська,жінок,41.16
2018,,Хмельницька,чоловіків,52.0
2018,,Хмельницька,жінок,48.0
2019,,Хмельницька,чоловіків,2.38
2019,,Хмельницька,жінок,47.62
2020,,Хмельницька,чоловіків,62.92
2020,,Хмельницька,жінок,37.08
2021,,Хмельницька,чоловіків,63.1
2021,,Хмельницька,жінок,36.9
2022,,Хмельницька,чоловіків,63.08
2022,,Хмельницька,жінок,36.92
2023,,Хмельницька,чоловіків,62.91
2023,,Хмельницька,жінок,37.09
2018,,Черкаська,чоловіків,48.26
2018,,Черкаська,жінок,51.74
2019,,Черкаська,чоловіків,48.51
2019,,Черкаська,жінок,51.49
2020,,Черкаська,чоловіків,61.11
2020,,Черкаська,жінок,38.89
2021,,Черкаська,чоловіків,61.16
2021,,Черкаська,жінок,38.84
2022,,Черкаська,чоловіків,61.08
2022,,Черкаська,жінок,38.92
2023,,Черкаська,чоловіків,61.14
2023,,Черкаська,жінок,38.86
2018,,Чернівецька,чоловіків,63.26
2018,,Чернівецька,жінок,36.74
2019,,Чернівецька,чоловіків,63.66
2019,,Чернівецька,жінок,36.34
2020,,Чернівецька,чоловіків,67.21
2020,,Чернівецька,жінок,32.79
2021,,Чернівецька,чоловіків,66.97
2021,,Чернівецька,жінок,33.03
2022,,Чернівецька,чоловіків,66.81
2022,,Чернівецька,жінок,33.19
2023,,Чернівецька,чоловіків,66.88
2023,,Чернівецька,жінок,33.12
2018,,Чернігівська,чоловіків,46.55
2018,,Чернігівська,жінок,53.45
2019,,Чернігівська,чоловіків,49.16
2019,,Чернігівська,жінок,50.84
2020,,Чернігівська,чоловіків,59.48
2020,,Чернігівська,жінок,40.52
2021,,Чернігівська,чоловіків,59.43
2021,,Чернігівська,жінок,40.57
2022,,Чернігівська,чоловіків,59.68
2022,,Чернігівська,жінок,40.32
2023,,Чернігівська,чоловіків,59.83
2023,,Чернігівська,жінок,40.17
2018,,місто Київ,чоловіків,81.67
2018,,місто Київ,жінок,18.33
2019,,місто Київ,чоловіків,80.83
2019,,місто Київ,жінок,19.17
2020,,місто Київ,чоловіків,71.67
2020,,місто Київ,жінок,28.33
2021,,місто Київ,чоловіків,72.27
2021,,місто Київ,жінок,27.73
2022,,місто Київ,чоловіків,70.83
2022,,місто Київ,жінок,99.17
2023,,місто Київ,чоловіків,72.03
2023,,місто Київ,жінок,97.97
2018,,Україна,чоловіків,2.81
2018,,Україна,жінок,47.19
2019,,Україна,чоловіків,3.44
2019,,Україна,жінок,46.56
2020,,Україна,чоловіків,63.02
2020,,Україна,жінок,36.98
2021,,Україна,чоловіків,62.99
2021,,Україна,жінок,37.01
2022,,Україна,чоловіків,62.93
2022,,Україна,жінок,37.07
2023,,Україна,чоловіків,63.02
2023,,Україна,жінок,36.98
2015,обласні ради,,жінок,14.95
2015,обласні ради,,чоловіків,85.05
2016,обласні ради,,жінок,14.96
2016,обласні ради,,чоловіків,85.04
2017,обласні ради,,жінок,15.12
2017,обласні ради,,чоловіків,84.88
2018,обласні ради,,жінок,15.29
2018,обласні ради,,чоловіків,84.71
2019,обласні ради,,жінок,15.5
2019,обласні ради,,чоловіків,84.5
2020,обласні ради,,жінок,26.76
2020,обласні ради,,чоловіків,73.24
2021,обласні ради,,жінок,26.88
2021,обласні ради,,чоловіків,73.12
2022,обласні ради,,жінок,27.37
2022,обласні ради,,чоловіків,72.63
2023,обласні ради,,жінок,27.55
2023,обласні ради,,чоловіків,72.45
2015,районні ради,,жінок,24.02
2015,районні ради,,чоловіків,75.98
2016,районні ради,,жінок,24.11
2016,районні ради,,чоловіків,75.89
2017,районні ради,,жінок,24.36
2017,районні ради,,чоловіків,75.64
2018,районні ради,,жінок,24.39
2018,районні ради,,чоловіків,75.61
2019,районні ради,,жінок,24.45
2019,районні ради,,чоловіків,75.55
2020,районні ради,,жінок,34.7
2020,районні ради,,чоловіків,65.3
2021,районні ради,,жінок,34.66
2021,районні ради,,чоловіків,65.34
2022,районні ради,,жінок,34.67
2022,районні ради,,чоловіків,65.33
2023,районні ради,,жінок,34.34
2023,районні ради,,чоловіків,65.66
2015,міські ради (у тому числі Київська міська рада),,жінок,29.07
2015,міські ради (у тому числі Київська міська рада),,чоловіків,70.93
2016,міські ради (у тому числі Київська міська рада),,жінок,28.7
2016,міські ради (у тому числі Київська міська рада),,чоловіків,71.3
2017,міські ради (у тому числі Київська міська рада),,жінок,28.68
2017,міські ради (у тому числі Київська міська рада),,чоловіків,71.32
2018,міські ради (у тому числі Київська міська рада),,жінок,28.71
2018,міські ради (у тому числі Київська міська рада),,чоловіків,71.29
2019,міські ради (у тому числі Київська міська рада),,жінок,28.83
2019,міські ради (у тому числі Київська міська рада),,чоловіків,71.17
2020,міські ради (у тому числі Київська міська рада),,жінок,33.12
2020,міські ради (у тому числі Київська міська рада),,чоловіків,66.88
2021,міські ради (у тому числі Київська міська рада),,жінок,33.22
2021,міські ради (у тому числі Київська міська рада),,чоловіків,66.78
2022,міські ради (у тому числі Київська міська рада),,жінок,33.32
2022,міські ради (у тому числі Київська міська рада),,чоловіків,66.68
2023,міські ради (у тому числі Київська міська рада),,жінок,33.29
2023,міські ради (у тому числі Київська міська рада),,чоловіків,66.71
2015,районні у містах ради,,жінок,33.3
2015,районні у містах ради,,чоловіків,66.7
2016,районні у містах ради,,жінок,33.59
2016,районні у містах ради,,чоловіків,66.41
2017,районні у містах ради,,жінок,33.98
2017,районні у містах ради,,чоловіків,66.02
2018,районні у містах ради,,жінок,33.79
2018,районні у містах ради,,чоловіків,66.21
2019,районні у містах ради,,жінок,33.88
2019,районні у містах ради,,чоловіків,66.12
2020,районні у містах ради,,жінок,43.24
2020,районні у містах ради,,чоловіків,56.76
2021,районні у містах ради,,жінок,42.6
2021,районні у містах ради,,чоловіків,57.4
2022,районні у містах ради,,жінок,42.5
2022,районні у містах ради,,чоловіків,57.5
2023,районні у містах ради,,жінок,42.45
2023,районні у містах ради,,чоловіків,57.55
2015,селищні ради,,жінок,46.11
2015,селищні ради,,чоловіків,53.89
2016,селищні ради,,жінок,45.19
2016,селищні ради,,чоловіків,54.81
2017,селищні ради,,жінок,44.43
2017,селищні ради,,чоловіків,55.57
2018,селищні ради,,жінок,44.02
2018,селищні ради,,чоловіків,55.98
2019,селищні ради,,жінок,43.88
2019,селищні ради,,чоловіків,56.12
2020,селищні ради,,жінок,37.92
2020,селищні ради,,чоловіків,62.08
2021,селищні ради,,жінок,38.0
2021,селищні ради,,чоловіків,62.0
2022,селищні ради,,жінок,38.05
2022,селищні ради,,чоловіків,61.95
2023,селищні ради,,жінок,37.99
2023,селищні ради,,чоловіків,62.01
2015,сільські ради,,жінок,55.66
2015,сільські ради,,чоловіків,44.34
2016,сільські ради,,жінок,55.12
2016,сільські ради,,чоловіків,44.88
2017,сільські ради,,жінок,54.41
2017,сільські ради,,чоловіків,45.59
2018,сільські ради,,жінок,54.22
2018,сільські ради,,чоловіків,45.78
2019,сільські ради,,жінок,53.71
2019,сільські ради,,чоловіків,46.29
2020,сільські ради,,жінок,41.28
2020,сільські ради,,чоловіків,58.72
2021,сільські ради,,жінок,41.2
2021,сільські ради,,чоловіків,58.8
2022,сільські ради,,жінок,41.23
2022,сільські ради,,чоловіків,58.77
2023,сільські ради,,жінок,41.07
2023,сільські ради,,чоловіків,58.93
