Year,Стать,Value
2015,жінок,4.4
2015,чоловіків,95.6
2016,жінок,5.8
2016,чоловіків,94.2
2017,жінок,7.2
2017,чоловіків,92.8
2018,жінок,6.5
2018,чоловіків,93.5
2019,жінок,7.9
2019,чоловіків,92.1
2020,жінок,13.9
2020,чоловіків,86.1
2021,жінок,21.9
2021,чоловіків,78.1
2022,жінок,22.7
2022,чоловіків,77.3
2023,жінок,22.4
2023,чоловіків,77.6
2024,жінок,21.7
2024,чоловіків,78.3
