Year,Стать,Value
2015,жінок,10.0
2015,чоловіків,90.0
2016,жінок,12.0
2016,чоловіків,88.0
2017,жінок,12.0
2017,чоловіків,88.0
2018,жінок,15.0
2018,чоловіків,85.0
2019,жінок,32.0
2019,чоловіків,68.0
2020,жінок,11.0
2020,чоловіків,89.0
2021,жінок,23.8
2021,чоловіків,76.2
2022,жінок,22.1
2022,чоловіків,77.9
2023,жінок,22.7
2023,чоловіків,77.3
2024,жінок,23.8
2024,чоловіків,76.2
