Year,EducationInternetType,Region,Value
2015,preschool_wired_gt30,Ukraine,
2015,preschool_wired_gt30,11_reg_Vinnytsya,
2015,preschool_wired_gt30,12_reg_Volyn,
2015,preschool_wired_gt30,13_reg_Dnipropetrovsk,
2015,preschool_wired_gt30,14_reg_Donetsk,
2015,preschool_wired_gt30,15_reg_Zhytomyr,
2015,preschool_wired_gt30,16_reg_Zakarpattya,
2015,preschool_wired_gt30,17_reg_Zaporizhzhya,
2015,preschool_wired_gt30,18_reg_Ivano-Frankivsk,
2015,preschool_wired_gt30,19_reg_Kyiv,
2015,preschool_wired_gt30,20_reg_Kirovohrad,
2015,preschool_wired_gt30,21_reg_Luhansk,
2015,preschool_wired_gt30,22_reg_Lviv,
2015,preschool_wired_gt30,23_reg_Mykolayiv,
2015,preschool_wired_gt30,24_reg_Odesa,
2015,preschool_wired_gt30,25_reg_Poltava,
2015,preschool_wired_gt30,26_reg_Rivne,
2015,preschool_wired_gt30,27_reg_Sumy,
2015,preschool_wired_gt30,28_reg_Ternopil,
2015,preschool_wired_gt30,29_reg_Kharkiv,
2015,preschool_wired_gt30,30_reg_Kherson,
2015,preschool_wired_gt30,31_reg_Khmelnytskiy,
2015,preschool_wired_gt30,32_reg_Cherkasy,
2015,preschool_wired_gt30,33_reg_Chernivtsi,
2015,preschool_wired_gt30,34_reg_Chernihiv,
2015,preschool_wired_gt30,35_reg_Kyiv_city,
2015,preschool_wireless_gt30,Ukraine,
2015,preschool_wireless_gt30,11_reg_Vinnytsya,
2015,preschool_wireless_gt30,12_reg_Volyn,
2015,preschool_wireless_gt30,13_reg_Dnipropetrovsk,
2015,preschool_wireless_gt30,14_reg_Donetsk,
2015,preschool_wireless_gt30,15_reg_Zhytomyr,
2015,preschool_wireless_gt30,16_reg_Zakarpattya,
2015,preschool_wireless_gt30,17_reg_Zaporizhzhya,
2015,preschool_wireless_gt30,18_reg_Ivano-Frankivsk,
2015,preschool_wireless_gt30,19_reg_Kyiv,
2015,preschool_wireless_gt30,20_reg_Kirovohrad,
2015,preschool_wireless_gt30,21_reg_Luhansk,
2015,preschool_wireless_gt30,22_reg_Lviv,
2015,preschool_wireless_gt30,23_reg_Mykolayiv,
2015,preschool_wireless_gt30,24_reg_Odesa,
2015,preschool_wireless_gt30,25_reg_Poltava,
2015,preschool_wireless_gt30,26_reg_Rivne,
2015,preschool_wireless_gt30,27_reg_Sumy,
2015,preschool_wireless_gt30,28_reg_Ternopil,
2015,preschool_wireless_gt30,29_reg_Kharkiv,
2015,preschool_wireless_gt30,30_reg_Kherson,
2015,preschool_wireless_gt30,31_reg_Khmelnytskiy,
2015,preschool_wireless_gt30,32_reg_Cherkasy,
2015,preschool_wireless_gt30,33_reg_Chernivtsi,
2015,preschool_wireless_gt30,34_reg_Chernihiv,
2015,preschool_wireless_gt30,35_reg_Kyiv_city,
2015,preschool_wired_or_wireless_gt30,Ukraine,
2015,preschool_wired_or_wireless_gt30,11_reg_Vinnytsya,
2015,preschool_wired_or_wireless_gt30,12_reg_Volyn,
2015,preschool_wired_or_wireless_gt30,13_reg_Dnipropetrovsk,
2015,preschool_wired_or_wireless_gt30,14_reg_Donetsk,
2015,preschool_wired_or_wireless_gt30,15_reg_Zhytomyr,
2015,preschool_wired_or_wireless_gt30,16_reg_Zakarpattya,
2015,preschool_wired_or_wireless_gt30,17_reg_Zaporizhzhya,
2015,preschool_wired_or_wireless_gt30,18_reg_Ivano-Frankivsk,
2015,preschool_wired_or_wireless_gt30,19_reg_Kyiv,
2015,preschool_wired_or_wireless_gt30,20_reg_Kirovohrad,
2015,preschool_wired_or_wireless_gt30,21_reg_Luhansk,
2015,preschool_wired_or_wireless_gt30,22_reg_Lviv,
2015,preschool_wired_or_wireless_gt30,23_reg_Mykolayiv,
2015,preschool_wired_or_wireless_gt30,24_reg_Odesa,
2015,preschool_wired_or_wireless_gt30,25_reg_Poltava,
2015,preschool_wired_or_wireless_gt30,26_reg_Rivne,
2015,preschool_wired_or_wireless_gt30,27_reg_Sumy,
2015,preschool_wired_or_wireless_gt30,28_reg_Ternopil,
2015,preschool_wired_or_wireless_gt30,29_reg_Kharkiv,
2015,preschool_wired_or_wireless_gt30,30_reg_Kherson,
2015,preschool_wired_or_wireless_gt30,31_reg_Khmelnytskiy,
2015,preschool_wired_or_wireless_gt30,32_reg_Cherkasy,
2015,preschool_wired_or_wireless_gt30,33_reg_Chernivtsi,
2015,preschool_wired_or_wireless_gt30,34_reg_Chernihiv,
2015,preschool_wired_or_wireless_gt30,35_reg_Kyiv_city,
2015,secondary_internet_any_speed,Ukraine,86.74
2015,secondary_internet_any_speed,11_reg_Vinnytsya,83.91
2015,secondary_internet_any_speed,12_reg_Volyn,74.86
2015,secondary_internet_any_speed,13_reg_Dnipropetrovsk,97.71
2015,secondary_internet_any_speed,14_reg_Donetsk,90.98
2015,secondary_internet_any_speed,15_reg_Zhytomyr,63.21
2015,secondary_internet_any_speed,16_reg_Zakarpattya,76.75
2015,secondary_internet_any_speed,17_reg_Zaporizhzhya,100.0
2015,secondary_internet_any_speed,18_reg_Ivano-Frankivsk,81.78
2015,secondary_internet_any_speed,19_reg_Kyiv,100.0
2015,secondary_internet_any_speed,20_reg_Kirovohrad,96.53
2015,secondary_internet_any_speed,21_reg_Luhansk,94.39
2015,secondary_internet_any_speed,22_reg_Lviv,60.41
2015,secondary_internet_any_speed,23_reg_Mykolayiv,94.76
2015,secondary_internet_any_speed,24_reg_Odesa,80.38
2015,secondary_internet_any_speed,25_reg_Poltava,86.61
2015,secondary_internet_any_speed,26_reg_Rivne,92.72
2015,secondary_internet_any_speed,27_reg_Sumy,92.35
2015,secondary_internet_any_speed,28_reg_Ternopil,75.39
2015,secondary_internet_any_speed,29_reg_Kharkiv,99.75
2015,secondary_internet_any_speed,30_reg_Kherson,94.52
2015,secondary_internet_any_speed,31_reg_Khmelnytskiy,99.22
2015,secondary_internet_any_speed,32_reg_Cherkasy,98.21
2015,secondary_internet_any_speed,33_reg_Chernivtsi,92.22
2015,secondary_internet_any_speed,34_reg_Chernihiv,93.44
2015,secondary_internet_any_speed,35_reg_Kyiv_city,95.7
2015,secondary_wired_gt30,Ukraine,
2015,secondary_wired_gt30,11_reg_Vinnytsya,
2015,secondary_wired_gt30,12_reg_Volyn,
2015,secondary_wired_gt30,13_reg_Dnipropetrovsk,
2015,secondary_wired_gt30,14_reg_Donetsk,
2015,secondary_wired_gt30,15_reg_Zhytomyr,
2015,secondary_wired_gt30,16_reg_Zakarpattya,
2015,secondary_wired_gt30,17_reg_Zaporizhzhya,
2015,secondary_wired_gt30,18_reg_Ivano-Frankivsk,
2015,secondary_wired_gt30,19_reg_Kyiv,
2015,secondary_wired_gt30,20_reg_Kirovohrad,
2015,secondary_wired_gt30,21_reg_Luhansk,
2015,secondary_wired_gt30,22_reg_Lviv,
2015,secondary_wired_gt30,23_reg_Mykolayiv,
2015,secondary_wired_gt30,24_reg_Odesa,
2015,secondary_wired_gt30,25_reg_Poltava,
2015,secondary_wired_gt30,26_reg_Rivne,
2015,secondary_wired_gt30,27_reg_Sumy,
2015,secondary_wired_gt30,28_reg_Ternopil,
2015,secondary_wired_gt30,29_reg_Kharkiv,
2015,secondary_wired_gt30,30_reg_Kherson,
2015,secondary_wired_gt30,31_reg_Khmelnytskiy,
2015,secondary_wired_gt30,32_reg_Cherkasy,
2015,secondary_wired_gt30,33_reg_Chernivtsi,
2015,secondary_wired_gt30,34_reg_Chernihiv,
2015,secondary_wired_gt30,35_reg_Kyiv_city,
2015,secondary_wireless_gt30,Ukraine,
2015,secondary_wireless_gt30,11_reg_Vinnytsya,
2015,secondary_wireless_gt30,12_reg_Volyn,
2015,secondary_wireless_gt30,13_reg_Dnipropetrovsk,
2015,secondary_wireless_gt30,14_reg_Donetsk,
2015,secondary_wireless_gt30,15_reg_Zhytomyr,
2015,secondary_wireless_gt30,16_reg_Zakarpattya,
2015,secondary_wireless_gt30,17_reg_Zaporizhzhya,
2015,secondary_wireless_gt30,18_reg_Ivano-Frankivsk,
2015,secondary_wireless_gt30,19_reg_Kyiv,
2015,secondary_wireless_gt30,20_reg_Kirovohrad,
2015,secondary_wireless_gt30,21_reg_Luhansk,
2015,secondary_wireless_gt30,22_reg_Lviv,
2015,secondary_wireless_gt30,23_reg_Mykolayiv,
2015,secondary_wireless_gt30,24_reg_Odesa,
2015,secondary_wireless_gt30,25_reg_Poltava,
2015,secondary_wireless_gt30,26_reg_Rivne,
2015,secondary_wireless_gt30,27_reg_Sumy,
2015,secondary_wireless_gt30,28_reg_Ternopil,
2015,secondary_wireless_gt30,29_reg_Kharkiv,
2015,secondary_wireless_gt30,30_reg_Kherson,
2015,secondary_wireless_gt30,31_reg_Khmelnytskiy,
2015,secondary_wireless_gt30,32_reg_Cherkasy,
2015,secondary_wireless_gt30,33_reg_Chernivtsi,
2015,secondary_wireless_gt30,34_reg_Chernihiv,
2015,secondary_wireless_gt30,35_reg_Kyiv_city,
2015,secondary_wired_or_wireless_gt30,Ukraine,
2015,secondary_wired_or_wireless_gt30,11_reg_Vinnytsya,
2015,secondary_wired_or_wireless_gt30,12_reg_Volyn,
2015,secondary_wired_or_wireless_gt30,13_reg_Dnipropetrovsk,
2015,secondary_wired_or_wireless_gt30,14_reg_Donetsk,
2015,secondary_wired_or_wireless_gt30,15_reg_Zhytomyr,
2015,secondary_wired_or_wireless_gt30,16_reg_Zakarpattya,
2015,secondary_wired_or_wireless_gt30,17_reg_Zaporizhzhya,
2015,secondary_wired_or_wireless_gt30,18_reg_Ivano-Frankivsk,
2015,secondary_wired_or_wireless_gt30,19_reg_Kyiv,
2015,secondary_wired_or_wireless_gt30,20_reg_Kirovohrad,
2015,secondary_wired_or_wireless_gt30,21_reg_Luhansk,
2015,secondary_wired_or_wireless_gt30,22_reg_Lviv,
2015,secondary_wired_or_wireless_gt30,23_reg_Mykolayiv,
2015,secondary_wired_or_wireless_gt30,24_reg_Odesa,
2015,secondary_wired_or_wireless_gt30,25_reg_Poltava,
2015,secondary_wired_or_wireless_gt30,26_reg_Rivne,
2015,secondary_wired_or_wireless_gt30,27_reg_Sumy,
2015,secondary_wired_or_wireless_gt30,28_reg_Ternopil,
2015,secondary_wired_or_wireless_gt30,29_reg_Kharkiv,
2015,secondary_wired_or_wireless_gt30,30_reg_Kherson,
2015,secondary_wired_or_wireless_gt30,31_reg_Khmelnytskiy,
2015,secondary_wired_or_wireless_gt30,32_reg_Cherkasy,
2015,secondary_wired_or_wireless_gt30,33_reg_Chernivtsi,
2015,secondary_wired_or_wireless_gt30,34_reg_Chernihiv,
2015,secondary_wired_or_wireless_gt30,35_reg_Kyiv_city,
2016,preschool_wired_gt30,Ukraine,
2016,preschool_wired_gt30,11_reg_Vinnytsya,
2016,preschool_wired_gt30,12_reg_Volyn,
2016,preschool_wired_gt30,13_reg_Dnipropetrovsk,
2016,preschool_wired_gt30,14_reg_Donetsk,
2016,preschool_wired_gt30,15_reg_Zhytomyr,
2016,preschool_wired_gt30,16_reg_Zakarpattya,
2016,preschool_wired_gt30,17_reg_Zaporizhzhya,
2016,preschool_wired_gt30,18_reg_Ivano-Frankivsk,
2016,preschool_wired_gt30,19_reg_Kyiv,
2016,preschool_wired_gt30,20_reg_Kirovohrad,
2016,preschool_wired_gt30,21_reg_Luhansk,
2016,preschool_wired_gt30,22_reg_Lviv,
2016,preschool_wired_gt30,23_reg_Mykolayiv,
2016,preschool_wired_gt30,24_reg_Odesa,
2016,preschool_wired_gt30,25_reg_Poltava,
2016,preschool_wired_gt30,26_reg_Rivne,
2016,preschool_wired_gt30,27_reg_Sumy,
2016,preschool_wired_gt30,28_reg_Ternopil,
2016,preschool_wired_gt30,29_reg_Kharkiv,
2016,preschool_wired_gt30,30_reg_Kherson,
2016,preschool_wired_gt30,31_reg_Khmelnytskiy,
2016,preschool_wired_gt30,32_reg_Cherkasy,
2016,preschool_wired_gt30,33_reg_Chernivtsi,
2016,preschool_wired_gt30,34_reg_Chernihiv,
2016,preschool_wired_gt30,35_reg_Kyiv_city,
2016,preschool_wireless_gt30,Ukraine,
2016,preschool_wireless_gt30,11_reg_Vinnytsya,
2016,preschool_wireless_gt30,12_reg_Volyn,
2016,preschool_wireless_gt30,13_reg_Dnipropetrovsk,
2016,preschool_wireless_gt30,14_reg_Donetsk,
2016,preschool_wireless_gt30,15_reg_Zhytomyr,
2016,preschool_wireless_gt30,16_reg_Zakarpattya,
2016,preschool_wireless_gt30,17_reg_Zaporizhzhya,
2016,preschool_wireless_gt30,18_reg_Ivano-Frankivsk,
2016,preschool_wireless_gt30,19_reg_Kyiv,
2016,preschool_wireless_gt30,20_reg_Kirovohrad,
2016,preschool_wireless_gt30,21_reg_Luhansk,
2016,preschool_wireless_gt30,22_reg_Lviv,
2016,preschool_wireless_gt30,23_reg_Mykolayiv,
2016,preschool_wireless_gt30,24_reg_Odesa,
2016,preschool_wireless_gt30,25_reg_Poltava,
2016,preschool_wireless_gt30,26_reg_Rivne,
2016,preschool_wireless_gt30,27_reg_Sumy,
2016,preschool_wireless_gt30,28_reg_Ternopil,
2016,preschool_wireless_gt30,29_reg_Kharkiv,
2016,preschool_wireless_gt30,30_reg_Kherson,
2016,preschool_wireless_gt30,31_reg_Khmelnytskiy,
2016,preschool_wireless_gt30,32_reg_Cherkasy,
2016,preschool_wireless_gt30,33_reg_Chernivtsi,
2016,preschool_wireless_gt30,34_reg_Chernihiv,
2016,preschool_wireless_gt30,35_reg_Kyiv_city,
2016,preschool_wired_or_wireless_gt30,Ukraine,
2016,preschool_wired_or_wireless_gt30,11_reg_Vinnytsya,
2016,preschool_wired_or_wireless_gt30,12_reg_Volyn,
2016,preschool_wired_or_wireless_gt30,13_reg_Dnipropetrovsk,
2016,preschool_wired_or_wireless_gt30,14_reg_Donetsk,
2016,preschool_wired_or_wireless_gt30,15_reg_Zhytomyr,
2016,preschool_wired_or_wireless_gt30,16_reg_Zakarpattya,
2016,preschool_wired_or_wireless_gt30,17_reg_Zaporizhzhya,
2016,preschool_wired_or_wireless_gt30,18_reg_Ivano-Frankivsk,
2016,preschool_wired_or_wireless_gt30,19_reg_Kyiv,
2016,preschool_wired_or_wireless_gt30,20_reg_Kirovohrad,
2016,preschool_wired_or_wireless_gt30,21_reg_Luhansk,
2016,preschool_wired_or_wireless_gt30,22_reg_Lviv,
2016,preschool_wired_or_wireless_gt30,23_reg_Mykolayiv,
2016,preschool_wired_or_wireless_gt30,24_reg_Odesa,
2016,preschool_wired_or_wireless_gt30,25_reg_Poltava,
2016,preschool_wired_or_wireless_gt30,26_reg_Rivne,
2016,preschool_wired_or_wireless_gt30,27_reg_Sumy,
2016,preschool_wired_or_wireless_gt30,28_reg_Ternopil,
2016,preschool_wired_or_wireless_gt30,29_reg_Kharkiv,
2016,preschool_wired_or_wireless_gt30,30_reg_Kherson,
2016,preschool_wired_or_wireless_gt30,31_reg_Khmelnytskiy,
2016,preschool_wired_or_wireless_gt30,32_reg_Cherkasy,
2016,preschool_wired_or_wireless_gt30,33_reg_Chernivtsi,
2016,preschool_wired_or_wireless_gt30,34_reg_Chernihiv,
2016,preschool_wired_or_wireless_gt30,35_reg_Kyiv_city,
2016,secondary_internet_any_speed,Ukraine,89.71
2016,secondary_internet_any_speed,11_reg_Vinnytsya,85.48
2016,secondary_internet_any_speed,12_reg_Volyn,78.56
2016,secondary_internet_any_speed,13_reg_Dnipropetrovsk,94.28
2016,secondary_internet_any_speed,14_reg_Donetsk,93.33
2016,secondary_internet_any_speed,15_reg_Zhytomyr,90.25
2016,secondary_internet_any_speed,16_reg_Zakarpattya,78.81
2016,secondary_internet_any_speed,17_reg_Zaporizhzhya,99.29
2016,secondary_internet_any_speed,18_reg_Ivano-Frankivsk,85.11
2016,secondary_internet_any_speed,19_reg_Kyiv,99.86
2016,secondary_internet_any_speed,20_reg_Kirovohrad,98.65
2016,secondary_internet_any_speed,21_reg_Luhansk,94.24
2016,secondary_internet_any_speed,22_reg_Lviv,70.35
2016,secondary_internet_any_speed,23_reg_Mykolayiv,95.4
2016,secondary_internet_any_speed,24_reg_Odesa,84.98
2016,secondary_internet_any_speed,25_reg_Poltava,91.13
2016,secondary_internet_any_speed,26_reg_Rivne,93.92
2016,secondary_internet_any_speed,27_reg_Sumy,92.9
2016,secondary_internet_any_speed,28_reg_Ternopil,77.56
2016,secondary_internet_any_speed,29_reg_Kharkiv,100.0
2016,secondary_internet_any_speed,30_reg_Kherson,100.0
2016,secondary_internet_any_speed,31_reg_Khmelnytskiy,93.11
2016,secondary_internet_any_speed,32_reg_Cherkasy,96.55
2016,secondary_internet_any_speed,33_reg_Chernivtsi,99.05
2016,secondary_internet_any_speed,34_reg_Chernihiv,94.88
2016,secondary_internet_any_speed,35_reg_Kyiv_city,96.54
2016,secondary_wired_gt30,Ukraine,
2016,secondary_wired_gt30,11_reg_Vinnytsya,
2016,secondary_wired_gt30,12_reg_Volyn,
2016,secondary_wired_gt30,13_reg_Dnipropetrovsk,
2016,secondary_wired_gt30,14_reg_Donetsk,
2016,secondary_wired_gt30,15_reg_Zhytomyr,
2016,secondary_wired_gt30,16_reg_Zakarpattya,
2016,secondary_wired_gt30,17_reg_Zaporizhzhya,
2016,secondary_wired_gt30,18_reg_Ivano-Frankivsk,
2016,secondary_wired_gt30,19_reg_Kyiv,
2016,secondary_wired_gt30,20_reg_Kirovohrad,
2016,secondary_wired_gt30,21_reg_Luhansk,
2016,secondary_wired_gt30,22_reg_Lviv,
2016,secondary_wired_gt30,23_reg_Mykolayiv,
2016,secondary_wired_gt30,24_reg_Odesa,
2016,secondary_wired_gt30,25_reg_Poltava,
2016,secondary_wired_gt30,26_reg_Rivne,
2016,secondary_wired_gt30,27_reg_Sumy,
2016,secondary_wired_gt30,28_reg_Ternopil,
2016,secondary_wired_gt30,29_reg_Kharkiv,
2016,secondary_wired_gt30,30_reg_Kherson,
2016,secondary_wired_gt30,31_reg_Khmelnytskiy,
2016,secondary_wired_gt30,32_reg_Cherkasy,
2016,secondary_wired_gt30,33_reg_Chernivtsi,
2016,secondary_wired_gt30,34_reg_Chernihiv,
2016,secondary_wired_gt30,35_reg_Kyiv_city,
2016,secondary_wireless_gt30,Ukraine,
2016,secondary_wireless_gt30,11_reg_Vinnytsya,
2016,secondary_wireless_gt30,12_reg_Volyn,
2016,secondary_wireless_gt30,13_reg_Dnipropetrovsk,
2016,secondary_wireless_gt30,14_reg_Donetsk,
2016,secondary_wireless_gt30,15_reg_Zhytomyr,
2016,secondary_wireless_gt30,16_reg_Zakarpattya,
2016,secondary_wireless_gt30,17_reg_Zaporizhzhya,
2016,secondary_wireless_gt30,18_reg_Ivano-Frankivsk,
2016,secondary_wireless_gt30,19_reg_Kyiv,
2016,secondary_wireless_gt30,20_reg_Kirovohrad,
2016,secondary_wireless_gt30,21_reg_Luhansk,
2016,secondary_wireless_gt30,22_reg_Lviv,
2016,secondary_wireless_gt30,23_reg_Mykolayiv,
2016,secondary_wireless_gt30,24_reg_Odesa,
2016,secondary_wireless_gt30,25_reg_Poltava,
2016,secondary_wireless_gt30,26_reg_Rivne,
2016,secondary_wireless_gt30,27_reg_Sumy,
2016,secondary_wireless_gt30,28_reg_Ternopil,
2016,secondary_wireless_gt30,29_reg_Kharkiv,
2016,secondary_wireless_gt30,30_reg_Kherson,
2016,secondary_wireless_gt30,31_reg_Khmelnytskiy,
2016,secondary_wireless_gt30,32_reg_Cherkasy,
2016,secondary_wireless_gt30,33_reg_Chernivtsi,
2016,secondary_wireless_gt30,34_reg_Chernihiv,
2016,secondary_wireless_gt30,35_reg_Kyiv_city,
2016,secondary_wired_or_wireless_gt30,Ukraine,
2016,secondary_wired_or_wireless_gt30,11_reg_Vinnytsya,
2016,secondary_wired_or_wireless_gt30,12_reg_Volyn,
2016,secondary_wired_or_wireless_gt30,13_reg_Dnipropetrovsk,
2016,secondary_wired_or_wireless_gt30,14_reg_Donetsk,
2016,secondary_wired_or_wireless_gt30,15_reg_Zhytomyr,
2016,secondary_wired_or_wireless_gt30,16_reg_Zakarpattya,
2016,secondary_wired_or_wireless_gt30,17_reg_Zaporizhzhya,
2016,secondary_wired_or_wireless_gt30,18_reg_Ivano-Frankivsk,
2016,secondary_wired_or_wireless_gt30,19_reg_Kyiv,
2016,secondary_wired_or_wireless_gt30,20_reg_Kirovohrad,
2016,secondary_wired_or_wireless_gt30,21_reg_Luhansk,
2016,secondary_wired_or_wireless_gt30,22_reg_Lviv,
2016,secondary_wired_or_wireless_gt30,23_reg_Mykolayiv,
2016,secondary_wired_or_wireless_gt30,24_reg_Odesa,
2016,secondary_wired_or_wireless_gt30,25_reg_Poltava,
2016,secondary_wired_or_wireless_gt30,26_reg_Rivne,
2016,secondary_wired_or_wireless_gt30,27_reg_Sumy,
2016,secondary_wired_or_wireless_gt30,28_reg_Ternopil,
2016,secondary_wired_or_wireless_gt30,29_reg_Kharkiv,
2016,secondary_wired_or_wireless_gt30,30_reg_Kherson,
2016,secondary_wired_or_wireless_gt30,31_reg_Khmelnytskiy,
2016,secondary_wired_or_wireless_gt30,32_reg_Cherkasy,
2016,secondary_wired_or_wireless_gt30,33_reg_Chernivtsi,
2016,secondary_wired_or_wireless_gt30,34_reg_Chernihiv,
2016,secondary_wired_or_wireless_gt30,35_reg_Kyiv_city,
2017,preschool_wired_gt30,Ukraine,
2017,preschool_wired_gt30,11_reg_Vinnytsya,
2017,preschool_wired_gt30,12_reg_Volyn,
2017,preschool_wired_gt30,13_reg_Dnipropetrovsk,
2017,preschool_wired_gt30,14_reg_Donetsk,
2017,preschool_wired_gt30,15_reg_Zhytomyr,
2017,preschool_wired_gt30,16_reg_Zakarpattya,
2017,preschool_wired_gt30,17_reg_Zaporizhzhya,
2017,preschool_wired_gt30,18_reg_Ivano-Frankivsk,
2017,preschool_wired_gt30,19_reg_Kyiv,
2017,preschool_wired_gt30,20_reg_Kirovohrad,
2017,preschool_wired_gt30,21_reg_Luhansk,
2017,preschool_wired_gt30,22_reg_Lviv,
2017,preschool_wired_gt30,23_reg_Mykolayiv,
2017,preschool_wired_gt30,24_reg_Odesa,
2017,preschool_wired_gt30,25_reg_Poltava,
2017,preschool_wired_gt30,26_reg_Rivne,
2017,preschool_wired_gt30,27_reg_Sumy,
2017,preschool_wired_gt30,28_reg_Ternopil,
2017,preschool_wired_gt30,29_reg_Kharkiv,
2017,preschool_wired_gt30,30_reg_Kherson,
2017,preschool_wired_gt30,31_reg_Khmelnytskiy,
2017,preschool_wired_gt30,32_reg_Cherkasy,
2017,preschool_wired_gt30,33_reg_Chernivtsi,
2017,preschool_wired_gt30,34_reg_Chernihiv,
2017,preschool_wired_gt30,35_reg_Kyiv_city,
2017,preschool_wireless_gt30,Ukraine,
2017,preschool_wireless_gt30,11_reg_Vinnytsya,
2017,preschool_wireless_gt30,12_reg_Volyn,
2017,preschool_wireless_gt30,13_reg_Dnipropetrovsk,
2017,preschool_wireless_gt30,14_reg_Donetsk,
2017,preschool_wireless_gt30,15_reg_Zhytomyr,
2017,preschool_wireless_gt30,16_reg_Zakarpattya,
2017,preschool_wireless_gt30,17_reg_Zaporizhzhya,
2017,preschool_wireless_gt30,18_reg_Ivano-Frankivsk,
2017,preschool_wireless_gt30,19_reg_Kyiv,
2017,preschool_wireless_gt30,20_reg_Kirovohrad,
2017,preschool_wireless_gt30,21_reg_Luhansk,
2017,preschool_wireless_gt30,22_reg_Lviv,
2017,preschool_wireless_gt30,23_reg_Mykolayiv,
2017,preschool_wireless_gt30,24_reg_Odesa,
2017,preschool_wireless_gt30,25_reg_Poltava,
2017,preschool_wireless_gt30,26_reg_Rivne,
2017,preschool_wireless_gt30,27_reg_Sumy,
2017,preschool_wireless_gt30,28_reg_Ternopil,
2017,preschool_wireless_gt30,29_reg_Kharkiv,
2017,preschool_wireless_gt30,30_reg_Kherson,
2017,preschool_wireless_gt30,31_reg_Khmelnytskiy,
2017,preschool_wireless_gt30,32_reg_Cherkasy,
2017,preschool_wireless_gt30,33_reg_Chernivtsi,
2017,preschool_wireless_gt30,34_reg_Chernihiv,
2017,preschool_wireless_gt30,35_reg_Kyiv_city,
2017,preschool_wired_or_wireless_gt30,Ukraine,
2017,preschool_wired_or_wireless_gt30,11_reg_Vinnytsya,
2017,preschool_wired_or_wireless_gt30,12_reg_Volyn,
2017,preschool_wired_or_wireless_gt30,13_reg_Dnipropetrovsk,
2017,preschool_wired_or_wireless_gt30,14_reg_Donetsk,
2017,preschool_wired_or_wireless_gt30,15_reg_Zhytomyr,
2017,preschool_wired_or_wireless_gt30,16_reg_Zakarpattya,
2017,preschool_wired_or_wireless_gt30,17_reg_Zaporizhzhya,
2017,preschool_wired_or_wireless_gt30,18_reg_Ivano-Frankivsk,
2017,preschool_wired_or_wireless_gt30,19_reg_Kyiv,
2017,preschool_wired_or_wireless_gt30,20_reg_Kirovohrad,
2017,preschool_wired_or_wireless_gt30,21_reg_Luhansk,
2017,preschool_wired_or_wireless_gt30,22_reg_Lviv,
2017,preschool_wired_or_wireless_gt30,23_reg_Mykolayiv,
2017,preschool_wired_or_wireless_gt30,24_reg_Odesa,
2017,preschool_wired_or_wireless_gt30,25_reg_Poltava,
2017,preschool_wired_or_wireless_gt30,26_reg_Rivne,
2017,preschool_wired_or_wireless_gt30,27_reg_Sumy,
2017,preschool_wired_or_wireless_gt30,28_reg_Ternopil,
2017,preschool_wired_or_wireless_gt30,29_reg_Kharkiv,
2017,preschool_wired_or_wireless_gt30,30_reg_Kherson,
2017,preschool_wired_or_wireless_gt30,31_reg_Khmelnytskiy,
2017,preschool_wired_or_wireless_gt30,32_reg_Cherkasy,
2017,preschool_wired_or_wireless_gt30,33_reg_Chernivtsi,
2017,preschool_wired_or_wireless_gt30,34_reg_Chernihiv,
2017,preschool_wired_or_wireless_gt30,35_reg_Kyiv_city,
2017,secondary_internet_any_speed,Ukraine,92.02
2017,secondary_internet_any_speed,11_reg_Vinnytsya,86.46
2017,secondary_internet_any_speed,12_reg_Volyn,81.65
2017,secondary_internet_any_speed,13_reg_Dnipropetrovsk,95.87
2017,secondary_internet_any_speed,14_reg_Donetsk,96.98
2017,secondary_internet_any_speed,15_reg_Zhytomyr,73.59
2017,secondary_internet_any_speed,16_reg_Zakarpattya,81.74
2017,secondary_internet_any_speed,17_reg_Zaporizhzhya,98.9
2017,secondary_internet_any_speed,18_reg_Ivano-Frankivsk,89.24
2017,secondary_internet_any_speed,19_reg_Kyiv,99.57
2017,secondary_internet_any_speed,20_reg_Kirovohrad,100.0
2017,secondary_internet_any_speed,21_reg_Luhansk,96.53
2017,secondary_internet_any_speed,22_reg_Lviv,87.09
2017,secondary_internet_any_speed,23_reg_Mykolayiv,96.84
2017,secondary_internet_any_speed,24_reg_Odesa,88.92
2017,secondary_internet_any_speed,25_reg_Poltava,95.18
2017,secondary_internet_any_speed,26_reg_Rivne,95.51
2017,secondary_internet_any_speed,27_reg_Sumy,94.52
2017,secondary_internet_any_speed,28_reg_Ternopil,82.36
2017,secondary_internet_any_speed,29_reg_Kharkiv,100.0
2017,secondary_internet_any_speed,30_reg_Kherson,100.0
2017,secondary_internet_any_speed,31_reg_Khmelnytskiy,93.29
2017,secondary_internet_any_speed,32_reg_Cherkasy,98.82
2017,secondary_internet_any_speed,33_reg_Chernivtsi,99.52
2017,secondary_internet_any_speed,34_reg_Chernihiv,95.01
2017,secondary_internet_any_speed,35_reg_Kyiv_city,98.49
2017,secondary_wired_gt30,Ukraine,
2017,secondary_wired_gt30,11_reg_Vinnytsya,
2017,secondary_wired_gt30,12_reg_Volyn,
2017,secondary_wired_gt30,13_reg_Dnipropetrovsk,
2017,secondary_wired_gt30,14_reg_Donetsk,
2017,secondary_wired_gt30,15_reg_Zhytomyr,
2017,secondary_wired_gt30,16_reg_Zakarpattya,
2017,secondary_wired_gt30,17_reg_Zaporizhzhya,
2017,secondary_wired_gt30,18_reg_Ivano-Frankivsk,
2017,secondary_wired_gt30,19_reg_Kyiv,
2017,secondary_wired_gt30,20_reg_Kirovohrad,
2017,secondary_wired_gt30,21_reg_Luhansk,
2017,secondary_wired_gt30,22_reg_Lviv,
2017,secondary_wired_gt30,23_reg_Mykolayiv,
2017,secondary_wired_gt30,24_reg_Odesa,
2017,secondary_wired_gt30,25_reg_Poltava,
2017,secondary_wired_gt30,26_reg_Rivne,
2017,secondary_wired_gt30,27_reg_Sumy,
2017,secondary_wired_gt30,28_reg_Ternopil,
2017,secondary_wired_gt30,29_reg_Kharkiv,
2017,secondary_wired_gt30,30_reg_Kherson,
2017,secondary_wired_gt30,31_reg_Khmelnytskiy,
2017,secondary_wired_gt30,32_reg_Cherkasy,
2017,secondary_wired_gt30,33_reg_Chernivtsi,
2017,secondary_wired_gt30,34_reg_Chernihiv,
2017,secondary_wired_gt30,35_reg_Kyiv_city,
2017,secondary_wireless_gt30,Ukraine,
2017,secondary_wireless_gt30,11_reg_Vinnytsya,
2017,secondary_wireless_gt30,12_reg_Volyn,
2017,secondary_wireless_gt30,13_reg_Dnipropetrovsk,
2017,secondary_wireless_gt30,14_reg_Donetsk,
2017,secondary_wireless_gt30,15_reg_Zhytomyr,
2017,secondary_wireless_gt30,16_reg_Zakarpattya,
2017,secondary_wireless_gt30,17_reg_Zaporizhzhya,
2017,secondary_wireless_gt30,18_reg_Ivano-Frankivsk,
2017,secondary_wireless_gt30,19_reg_Kyiv,
2017,secondary_wireless_gt30,20_reg_Kirovohrad,
2017,secondary_wireless_gt30,21_reg_Luhansk,
2017,secondary_wireless_gt30,22_reg_Lviv,
2017,secondary_wireless_gt30,23_reg_Mykolayiv,
2017,secondary_wireless_gt30,24_reg_Odesa,
2017,secondary_wireless_gt30,25_reg_Poltava,
2017,secondary_wireless_gt30,26_reg_Rivne,
2017,secondary_wireless_gt30,27_reg_Sumy,
2017,secondary_wireless_gt30,28_reg_Ternopil,
2017,secondary_wireless_gt30,29_reg_Kharkiv,
2017,secondary_wireless_gt30,30_reg_Kherson,
2017,secondary_wireless_gt30,31_reg_Khmelnytskiy,
2017,secondary_wireless_gt30,32_reg_Cherkasy,
2017,secondary_wireless_gt30,33_reg_Chernivtsi,
2017,secondary_wireless_gt30,34_reg_Chernihiv,
2017,secondary_wireless_gt30,35_reg_Kyiv_city,
2017,secondary_wired_or_wireless_gt30,Ukraine,
2017,secondary_wired_or_wireless_gt30,11_reg_Vinnytsya,
2017,secondary_wired_or_wireless_gt30,12_reg_Volyn,
2017,secondary_wired_or_wireless_gt30,13_reg_Dnipropetrovsk,
2017,secondary_wired_or_wireless_gt30,14_reg_Donetsk,
2017,secondary_wired_or_wireless_gt30,15_reg_Zhytomyr,
2017,secondary_wired_or_wireless_gt30,16_reg_Zakarpattya,
2017,secondary_wired_or_wireless_gt30,17_reg_Zaporizhzhya,
2017,secondary_wired_or_wireless_gt30,18_reg_Ivano-Frankivsk,
2017,secondary_wired_or_wireless_gt30,19_reg_Kyiv,
2017,secondary_wired_or_wireless_gt30,20_reg_Kirovohrad,
2017,secondary_wired_or_wireless_gt30,21_reg_Luhansk,
2017,secondary_wired_or_wireless_gt30,22_reg_Lviv,
2017,secondary_wired_or_wireless_gt30,23_reg_Mykolayiv,
2017,secondary_wired_or_wireless_gt30,24_reg_Odesa,
2017,secondary_wired_or_wireless_gt30,25_reg_Poltava,
2017,secondary_wired_or_wireless_gt30,26_reg_Rivne,
2017,secondary_wired_or_wireless_gt30,27_reg_Sumy,
2017,secondary_wired_or_wireless_gt30,28_reg_Ternopil,
2017,secondary_wired_or_wireless_gt30,29_reg_Kharkiv,
2017,secondary_wired_or_wireless_gt30,30_reg_Kherson,
2017,secondary_wired_or_wireless_gt30,31_reg_Khmelnytskiy,
2017,secondary_wired_or_wireless_gt30,32_reg_Cherkasy,
2017,secondary_wired_or_wireless_gt30,33_reg_Chernivtsi,
2017,secondary_wired_or_wireless_gt30,34_reg_Chernihiv,
2017,secondary_wired_or_wireless_gt30,35_reg_Kyiv_city,
2018,preschool_wired_gt30,Ukraine,
2018,preschool_wired_gt30,11_reg_Vinnytsya,
2018,preschool_wired_gt30,12_reg_Volyn,
2018,preschool_wired_gt30,13_reg_Dnipropetrovsk,
2018,preschool_wired_gt30,14_reg_Donetsk,
2018,preschool_wired_gt30,15_reg_Zhytomyr,
2018,preschool_wired_gt30,16_reg_Zakarpattya,
2018,preschool_wired_gt30,17_reg_Zaporizhzhya,
2018,preschool_wired_gt30,18_reg_Ivano-Frankivsk,
2018,preschool_wired_gt30,19_reg_Kyiv,
2018,preschool_wired_gt30,20_reg_Kirovohrad,
2018,preschool_wired_gt30,21_reg_Luhansk,
2018,preschool_wired_gt30,22_reg_Lviv,
2018,preschool_wired_gt30,23_reg_Mykolayiv,
2018,preschool_wired_gt30,24_reg_Odesa,
2018,preschool_wired_gt30,25_reg_Poltava,
2018,preschool_wired_gt30,26_reg_Rivne,
2018,preschool_wired_gt30,27_reg_Sumy,
2018,preschool_wired_gt30,28_reg_Ternopil,
2018,preschool_wired_gt30,29_reg_Kharkiv,
2018,preschool_wired_gt30,30_reg_Kherson,
2018,preschool_wired_gt30,31_reg_Khmelnytskiy,
2018,preschool_wired_gt30,32_reg_Cherkasy,
2018,preschool_wired_gt30,33_reg_Chernivtsi,
2018,preschool_wired_gt30,34_reg_Chernihiv,
2018,preschool_wired_gt30,35_reg_Kyiv_city,
2018,preschool_wireless_gt30,Ukraine,
2018,preschool_wireless_gt30,11_reg_Vinnytsya,
2018,preschool_wireless_gt30,12_reg_Volyn,
2018,preschool_wireless_gt30,13_reg_Dnipropetrovsk,
2018,preschool_wireless_gt30,14_reg_Donetsk,
2018,preschool_wireless_gt30,15_reg_Zhytomyr,
2018,preschool_wireless_gt30,16_reg_Zakarpattya,
2018,preschool_wireless_gt30,17_reg_Zaporizhzhya,
2018,preschool_wireless_gt30,18_reg_Ivano-Frankivsk,
2018,preschool_wireless_gt30,19_reg_Kyiv,
2018,preschool_wireless_gt30,20_reg_Kirovohrad,
2018,preschool_wireless_gt30,21_reg_Luhansk,
2018,preschool_wireless_gt30,22_reg_Lviv,
2018,preschool_wireless_gt30,23_reg_Mykolayiv,
2018,preschool_wireless_gt30,24_reg_Odesa,
2018,preschool_wireless_gt30,25_reg_Poltava,
2018,preschool_wireless_gt30,26_reg_Rivne,
2018,preschool_wireless_gt30,27_reg_Sumy,
2018,preschool_wireless_gt30,28_reg_Ternopil,
2018,preschool_wireless_gt30,29_reg_Kharkiv,
2018,preschool_wireless_gt30,30_reg_Kherson,
2018,preschool_wireless_gt30,31_reg_Khmelnytskiy,
2018,preschool_wireless_gt30,32_reg_Cherkasy,
2018,preschool_wireless_gt30,33_reg_Chernivtsi,
2018,preschool_wireless_gt30,34_reg_Chernihiv,
2018,preschool_wireless_gt30,35_reg_Kyiv_city,
2018,preschool_wired_or_wireless_gt30,Ukraine,
2018,preschool_wired_or_wireless_gt30,11_reg_Vinnytsya,
2018,preschool_wired_or_wireless_gt30,12_reg_Volyn,
2018,preschool_wired_or_wireless_gt30,13_reg_Dnipropetrovsk,
2018,preschool_wired_or_wireless_gt30,14_reg_Donetsk,
2018,preschool_wired_or_wireless_gt30,15_reg_Zhytomyr,
2018,preschool_wired_or_wireless_gt30,16_reg_Zakarpattya,
2018,preschool_wired_or_wireless_gt30,17_reg_Zaporizhzhya,
2018,preschool_wired_or_wireless_gt30,18_reg_Ivano-Frankivsk,
2018,preschool_wired_or_wireless_gt30,19_reg_Kyiv,
2018,preschool_wired_or_wireless_gt30,20_reg_Kirovohrad,
2018,preschool_wired_or_wireless_gt30,21_reg_Luhansk,
2018,preschool_wired_or_wireless_gt30,22_reg_Lviv,
2018,preschool_wired_or_wireless_gt30,23_reg_Mykolayiv,
2018,preschool_wired_or_wireless_gt30,24_reg_Odesa,
2018,preschool_wired_or_wireless_gt30,25_reg_Poltava,
2018,preschool_wired_or_wireless_gt30,26_reg_Rivne,
2018,preschool_wired_or_wireless_gt30,27_reg_Sumy,
2018,preschool_wired_or_wireless_gt30,28_reg_Ternopil,
2018,preschool_wired_or_wireless_gt30,29_reg_Kharkiv,
2018,preschool_wired_or_wireless_gt30,30_reg_Kherson,
2018,preschool_wired_or_wireless_gt30,31_reg_Khmelnytskiy,
2018,preschool_wired_or_wireless_gt30,32_reg_Cherkasy,
2018,preschool_wired_or_wireless_gt30,33_reg_Chernivtsi,
2018,preschool_wired_or_wireless_gt30,34_reg_Chernihiv,
2018,preschool_wired_or_wireless_gt30,35_reg_Kyiv_city,
2018,secondary_internet_any_speed,Ukraine,
2018,secondary_internet_any_speed,11_reg_Vinnytsya,
2018,secondary_internet_any_speed,12_reg_Volyn,
2018,secondary_internet_any_speed,13_reg_Dnipropetrovsk,
2018,secondary_internet_any_speed,14_reg_Donetsk,
2018,secondary_internet_any_speed,15_reg_Zhytomyr,
2018,secondary_internet_any_speed,16_reg_Zakarpattya,
2018,secondary_internet_any_speed,17_reg_Zaporizhzhya,
2018,secondary_internet_any_speed,18_reg_Ivano-Frankivsk,
2018,secondary_internet_any_speed,19_reg_Kyiv,
2018,secondary_internet_any_speed,20_reg_Kirovohrad,
2018,secondary_internet_any_speed,21_reg_Luhansk,
2018,secondary_internet_any_speed,22_reg_Lviv,
2018,secondary_internet_any_speed,23_reg_Mykolayiv,
2018,secondary_internet_any_speed,24_reg_Odesa,
2018,secondary_internet_any_speed,25_reg_Poltava,
2018,secondary_internet_any_speed,26_reg_Rivne,
2018,secondary_internet_any_speed,27_reg_Sumy,
2018,secondary_internet_any_speed,28_reg_Ternopil,
2018,secondary_internet_any_speed,29_reg_Kharkiv,
2018,secondary_internet_any_speed,30_reg_Kherson,
2018,secondary_internet_any_speed,31_reg_Khmelnytskiy,
2018,secondary_internet_any_speed,32_reg_Cherkasy,
2018,secondary_internet_any_speed,33_reg_Chernivtsi,
2018,secondary_internet_any_speed,34_reg_Chernihiv,
2018,secondary_internet_any_speed,35_reg_Kyiv_city,
2018,secondary_wired_gt30,Ukraine,31.29
2018,secondary_wired_gt30,11_reg_Vinnytsya,14.67
2018,secondary_wired_gt30,12_reg_Volyn,21.75
2018,secondary_wired_gt30,13_reg_Dnipropetrovsk,48.62
2018,secondary_wired_gt30,14_reg_Donetsk,42.29
2018,secondary_wired_gt30,15_reg_Zhytomyr,18.83
2018,secondary_wired_gt30,16_reg_Zakarpattya,22.63
2018,secondary_wired_gt30,17_reg_Zaporizhzhya,41.15
2018,secondary_wired_gt30,18_reg_Ivano-Frankivsk,31.15
2018,secondary_wired_gt30,19_reg_Kyiv,47.17
2018,secondary_wired_gt30,20_reg_Kirovohrad,23.96
2018,secondary_wired_gt30,21_reg_Luhansk,25.82
2018,secondary_wired_gt30,22_reg_Lviv,21.92
2018,secondary_wired_gt30,23_reg_Mykolayiv,27.39
2018,secondary_wired_gt30,24_reg_Odesa,39.9
2018,secondary_wired_gt30,25_reg_Poltava,25.33
2018,secondary_wired_gt30,26_reg_Rivne,23.86
2018,secondary_wired_gt30,27_reg_Sumy,32.0
2018,secondary_wired_gt30,28_reg_Ternopil,27.86
2018,secondary_wired_gt30,29_reg_Kharkiv,41.46
2018,secondary_wired_gt30,30_reg_Kherson,19.81
2018,secondary_wired_gt30,31_reg_Khmelnytskiy,26.01
2018,secondary_wired_gt30,32_reg_Cherkasy,23.89
2018,secondary_wired_gt30,33_reg_Chernivtsi,44.72
2018,secondary_wired_gt30,34_reg_Chernihiv,16.47
2018,secondary_wired_gt30,35_reg_Kyiv_city,79.87
2018,secondary_wireless_gt30,Ukraine,14.43
2018,secondary_wireless_gt30,11_reg_Vinnytsya,6.82
2018,secondary_wireless_gt30,12_reg_Volyn,8.77
2018,secondary_wireless_gt30,13_reg_Dnipropetrovsk,24.88
2018,secondary_wireless_gt30,14_reg_Donetsk,19.17
2018,secondary_wireless_gt30,15_reg_Zhytomyr,8.02
2018,secondary_wireless_gt30,16_reg_Zakarpattya,10.4
2018,secondary_wireless_gt30,17_reg_Zaporizhzhya,22.53
2018,secondary_wireless_gt30,18_reg_Ivano-Frankivsk,10.63
2018,secondary_wireless_gt30,19_reg_Kyiv,22.06
2018,secondary_wireless_gt30,20_reg_Kirovohrad,14.7
2018,secondary_wireless_gt30,21_reg_Luhansk,12.0
2018,secondary_wireless_gt30,22_reg_Lviv,9.78
2018,secondary_wireless_gt30,23_reg_Mykolayiv,15.77
2018,secondary_wireless_gt30,24_reg_Odesa,13.9
2018,secondary_wireless_gt30,25_reg_Poltava,13.17
2018,secondary_wireless_gt30,26_reg_Rivne,10.66
2018,secondary_wireless_gt30,27_reg_Sumy,18.12
2018,secondary_wireless_gt30,28_reg_Ternopil,11.56
2018,secondary_wireless_gt30,29_reg_Kharkiv,18.18
2018,secondary_wireless_gt30,30_reg_Kherson,12.32
2018,secondary_wireless_gt30,31_reg_Khmelnytskiy,13.9
2018,secondary_wireless_gt30,32_reg_Cherkasy,9.38
2018,secondary_wireless_gt30,33_reg_Chernivtsi,23.87
2018,secondary_wireless_gt30,34_reg_Chernihiv,6.83
2018,secondary_wireless_gt30,35_reg_Kyiv_city,32.08
2018,secondary_wired_or_wireless_gt30,Ukraine,
2018,secondary_wired_or_wireless_gt30,11_reg_Vinnytsya,
2018,secondary_wired_or_wireless_gt30,12_reg_Volyn,
2018,secondary_wired_or_wireless_gt30,13_reg_Dnipropetrovsk,
2018,secondary_wired_or_wireless_gt30,14_reg_Donetsk,
2018,secondary_wired_or_wireless_gt30,15_reg_Zhytomyr,
2018,secondary_wired_or_wireless_gt30,16_reg_Zakarpattya,
2018,secondary_wired_or_wireless_gt30,17_reg_Zaporizhzhya,
2018,secondary_wired_or_wireless_gt30,18_reg_Ivano-Frankivsk,
2018,secondary_wired_or_wireless_gt30,19_reg_Kyiv,
2018,secondary_wired_or_wireless_gt30,20_reg_Kirovohrad,
2018,secondary_wired_or_wireless_gt30,21_reg_Luhansk,
2018,secondary_wired_or_wireless_gt30,22_reg_Lviv,
2018,secondary_wired_or_wireless_gt30,23_reg_Mykolayiv,
2018,secondary_wired_or_wireless_gt30,24_reg_Odesa,
2018,secondary_wired_or_wireless_gt30,25_reg_Poltava,
2018,secondary_wired_or_wireless_gt30,26_reg_Rivne,
2018,secondary_wired_or_wireless_gt30,27_reg_Sumy,
2018,secondary_wired_or_wireless_gt30,28_reg_Ternopil,
2018,secondary_wired_or_wireless_gt30,29_reg_Kharkiv,
2018,secondary_wired_or_wireless_gt30,30_reg_Kherson,
2018,secondary_wired_or_wireless_gt30,31_reg_Khmelnytskiy,
2018,secondary_wired_or_wireless_gt30,32_reg_Cherkasy,
2018,secondary_wired_or_wireless_gt30,33_reg_Chernivtsi,
2018,secondary_wired_or_wireless_gt30,34_reg_Chernihiv,
2018,secondary_wired_or_wireless_gt30,35_reg_Kyiv_city,
2019,preschool_wired_gt30,Ukraine,
2019,preschool_wired_gt30,11_reg_Vinnytsya,
2019,preschool_wired_gt30,12_reg_Volyn,
2019,preschool_wired_gt30,13_reg_Dnipropetrovsk,
2019,preschool_wired_gt30,14_reg_Donetsk,
2019,preschool_wired_gt30,15_reg_Zhytomyr,
2019,preschool_wired_gt30,16_reg_Zakarpattya,
2019,preschool_wired_gt30,17_reg_Zaporizhzhya,
2019,preschool_wired_gt30,18_reg_Ivano-Frankivsk,
2019,preschool_wired_gt30,19_reg_Kyiv,
2019,preschool_wired_gt30,20_reg_Kirovohrad,
2019,preschool_wired_gt30,21_reg_Luhansk,
2019,preschool_wired_gt30,22_reg_Lviv,
2019,preschool_wired_gt30,23_reg_Mykolayiv,
2019,preschool_wired_gt30,24_reg_Odesa,
2019,preschool_wired_gt30,25_reg_Poltava,
2019,preschool_wired_gt30,26_reg_Rivne,
2019,preschool_wired_gt30,27_reg_Sumy,
2019,preschool_wired_gt30,28_reg_Ternopil,
2019,preschool_wired_gt30,29_reg_Kharkiv,
2019,preschool_wired_gt30,30_reg_Kherson,
2019,preschool_wired_gt30,31_reg_Khmelnytskiy,
2019,preschool_wired_gt30,32_reg_Cherkasy,
2019,preschool_wired_gt30,33_reg_Chernivtsi,
2019,preschool_wired_gt30,34_reg_Chernihiv,
2019,preschool_wired_gt30,35_reg_Kyiv_city,
2019,preschool_wireless_gt30,Ukraine,
2019,preschool_wireless_gt30,11_reg_Vinnytsya,
2019,preschool_wireless_gt30,12_reg_Volyn,
2019,preschool_wireless_gt30,13_reg_Dnipropetrovsk,
2019,preschool_wireless_gt30,14_reg_Donetsk,
2019,preschool_wireless_gt30,15_reg_Zhytomyr,
2019,preschool_wireless_gt30,16_reg_Zakarpattya,
2019,preschool_wireless_gt30,17_reg_Zaporizhzhya,
2019,preschool_wireless_gt30,18_reg_Ivano-Frankivsk,
2019,preschool_wireless_gt30,19_reg_Kyiv,
2019,preschool_wireless_gt30,20_reg_Kirovohrad,
2019,preschool_wireless_gt30,21_reg_Luhansk,
2019,preschool_wireless_gt30,22_reg_Lviv,
2019,preschool_wireless_gt30,23_reg_Mykolayiv,
2019,preschool_wireless_gt30,24_reg_Odesa,
2019,preschool_wireless_gt30,25_reg_Poltava,
2019,preschool_wireless_gt30,26_reg_Rivne,
2019,preschool_wireless_gt30,27_reg_Sumy,
2019,preschool_wireless_gt30,28_reg_Ternopil,
2019,preschool_wireless_gt30,29_reg_Kharkiv,
2019,preschool_wireless_gt30,30_reg_Kherson,
2019,preschool_wireless_gt30,31_reg_Khmelnytskiy,
2019,preschool_wireless_gt30,32_reg_Cherkasy,
2019,preschool_wireless_gt30,33_reg_Chernivtsi,
2019,preschool_wireless_gt30,34_reg_Chernihiv,
2019,preschool_wireless_gt30,35_reg_Kyiv_city,
2019,preschool_wired_or_wireless_gt30,Ukraine,
2019,preschool_wired_or_wireless_gt30,11_reg_Vinnytsya,
2019,preschool_wired_or_wireless_gt30,12_reg_Volyn,
2019,preschool_wired_or_wireless_gt30,13_reg_Dnipropetrovsk,
2019,preschool_wired_or_wireless_gt30,14_reg_Donetsk,
2019,preschool_wired_or_wireless_gt30,15_reg_Zhytomyr,
2019,preschool_wired_or_wireless_gt30,16_reg_Zakarpattya,
2019,preschool_wired_or_wireless_gt30,17_reg_Zaporizhzhya,
2019,preschool_wired_or_wireless_gt30,18_reg_Ivano-Frankivsk,
2019,preschool_wired_or_wireless_gt30,19_reg_Kyiv,
2019,preschool_wired_or_wireless_gt30,20_reg_Kirovohrad,
2019,preschool_wired_or_wireless_gt30,21_reg_Luhansk,
2019,preschool_wired_or_wireless_gt30,22_reg_Lviv,
2019,preschool_wired_or_wireless_gt30,23_reg_Mykolayiv,
2019,preschool_wired_or_wireless_gt30,24_reg_Odesa,
2019,preschool_wired_or_wireless_gt30,25_reg_Poltava,
2019,preschool_wired_or_wireless_gt30,26_reg_Rivne,
2019,preschool_wired_or_wireless_gt30,27_reg_Sumy,
2019,preschool_wired_or_wireless_gt30,28_reg_Ternopil,
2019,preschool_wired_or_wireless_gt30,29_reg_Kharkiv,
2019,preschool_wired_or_wireless_gt30,30_reg_Kherson,
2019,preschool_wired_or_wireless_gt30,31_reg_Khmelnytskiy,
2019,preschool_wired_or_wireless_gt30,32_reg_Cherkasy,
2019,preschool_wired_or_wireless_gt30,33_reg_Chernivtsi,
2019,preschool_wired_or_wireless_gt30,34_reg_Chernihiv,
2019,preschool_wired_or_wireless_gt30,35_reg_Kyiv_city,
2019,secondary_internet_any_speed,Ukraine,
2019,secondary_internet_any_speed,11_reg_Vinnytsya,
2019,secondary_internet_any_speed,12_reg_Volyn,
2019,secondary_internet_any_speed,13_reg_Dnipropetrovsk,
2019,secondary_internet_any_speed,14_reg_Donetsk,
2019,secondary_internet_any_speed,15_reg_Zhytomyr,
2019,secondary_internet_any_speed,16_reg_Zakarpattya,
2019,secondary_internet_any_speed,17_reg_Zaporizhzhya,
2019,secondary_internet_any_speed,18_reg_Ivano-Frankivsk,
2019,secondary_internet_any_speed,19_reg_Kyiv,
2019,secondary_internet_any_speed,20_reg_Kirovohrad,
2019,secondary_internet_any_speed,21_reg_Luhansk,
2019,secondary_internet_any_speed,22_reg_Lviv,
2019,secondary_internet_any_speed,23_reg_Mykolayiv,
2019,secondary_internet_any_speed,24_reg_Odesa,
2019,secondary_internet_any_speed,25_reg_Poltava,
2019,secondary_internet_any_speed,26_reg_Rivne,
2019,secondary_internet_any_speed,27_reg_Sumy,
2019,secondary_internet_any_speed,28_reg_Ternopil,
2019,secondary_internet_any_speed,29_reg_Kharkiv,
2019,secondary_internet_any_speed,30_reg_Kherson,
2019,secondary_internet_any_speed,31_reg_Khmelnytskiy,
2019,secondary_internet_any_speed,32_reg_Cherkasy,
2019,secondary_internet_any_speed,33_reg_Chernivtsi,
2019,secondary_internet_any_speed,34_reg_Chernihiv,
2019,secondary_internet_any_speed,35_reg_Kyiv_city,
2019,secondary_wired_gt30,Ukraine,41.06
2019,secondary_wired_gt30,11_reg_Vinnytsya,21.22
2019,secondary_wired_gt30,12_reg_Volyn,34.05
2019,secondary_wired_gt30,13_reg_Dnipropetrovsk,52.8
2019,secondary_wired_gt30,14_reg_Donetsk,58.72
2019,secondary_wired_gt30,15_reg_Zhytomyr,28.59
2019,secondary_wired_gt30,16_reg_Zakarpattya,26.26
2019,secondary_wired_gt30,17_reg_Zaporizhzhya,50.39
2019,secondary_wired_gt30,18_reg_Ivano-Frankivsk,40.95
2019,secondary_wired_gt30,19_reg_Kyiv,66.28
2019,secondary_wired_gt30,20_reg_Kirovohrad,36.04
2019,secondary_wired_gt30,21_reg_Luhansk,32.1
2019,secondary_wired_gt30,22_reg_Lviv,31.6
2019,secondary_wired_gt30,23_reg_Mykolayiv,32.12
2019,secondary_wired_gt30,24_reg_Odesa,46.43
2019,secondary_wired_gt30,25_reg_Poltava,32.65
2019,secondary_wired_gt30,26_reg_Rivne,40.31
2019,secondary_wired_gt30,27_reg_Sumy,44.06
2019,secondary_wired_gt30,28_reg_Ternopil,48.2
2019,secondary_wired_gt30,29_reg_Kharkiv,51.04
2019,secondary_wired_gt30,30_reg_Kherson,22.66
2019,secondary_wired_gt30,31_reg_Khmelnytskiy,34.38
2019,secondary_wired_gt30,32_reg_Cherkasy,35.66
2019,secondary_wired_gt30,33_reg_Chernivtsi,63.54
2019,secondary_wired_gt30,34_reg_Chernihiv,19.92
2019,secondary_wired_gt30,35_reg_Kyiv_city,78.3
2019,secondary_wireless_gt30,Ukraine,19.32
2019,secondary_wireless_gt30,11_reg_Vinnytsya,8.09
2019,secondary_wireless_gt30,12_reg_Volyn,14.95
2019,secondary_wireless_gt30,13_reg_Dnipropetrovsk,35.76
2019,secondary_wireless_gt30,14_reg_Donetsk,23.45
2019,secondary_wireless_gt30,15_reg_Zhytomyr,11.95
2019,secondary_wireless_gt30,16_reg_Zakarpattya,14.2
2019,secondary_wireless_gt30,17_reg_Zaporizhzhya,26.64
2019,secondary_wireless_gt30,18_reg_Ivano-Frankivsk,13.95
2019,secondary_wireless_gt30,19_reg_Kyiv,38.1
2019,secondary_wireless_gt30,20_reg_Kirovohrad,25.0
2019,secondary_wireless_gt30,21_reg_Luhansk,15.13
2019,secondary_wireless_gt30,22_reg_Lviv,10.56
2019,secondary_wireless_gt30,23_reg_Mykolayiv,18.63
2019,secondary_wireless_gt30,24_reg_Odesa,18.55
2019,secondary_wireless_gt30,25_reg_Poltava,19.73
2019,secondary_wireless_gt30,26_reg_Rivne,10.99
2019,secondary_wireless_gt30,27_reg_Sumy,10.89
2019,secondary_wireless_gt30,28_reg_Ternopil,19.91
2019,secondary_wireless_gt30,29_reg_Kharkiv,29.68
2019,secondary_wireless_gt30,30_reg_Kherson,13.79
2019,secondary_wireless_gt30,31_reg_Khmelnytskiy,17.27
2019,secondary_wireless_gt30,32_reg_Cherkasy,15.26
2019,secondary_wireless_gt30,33_reg_Chernivtsi,30.13
2019,secondary_wireless_gt30,34_reg_Chernihiv,8.6
2019,secondary_wireless_gt30,35_reg_Kyiv_city,33.93
2019,secondary_wired_or_wireless_gt30,Ukraine,
2019,secondary_wired_or_wireless_gt30,11_reg_Vinnytsya,
2019,secondary_wired_or_wireless_gt30,12_reg_Volyn,
2019,secondary_wired_or_wireless_gt30,13_reg_Dnipropetrovsk,
2019,secondary_wired_or_wireless_gt30,14_reg_Donetsk,
2019,secondary_wired_or_wireless_gt30,15_reg_Zhytomyr,
2019,secondary_wired_or_wireless_gt30,16_reg_Zakarpattya,
2019,secondary_wired_or_wireless_gt30,17_reg_Zaporizhzhya,
2019,secondary_wired_or_wireless_gt30,18_reg_Ivano-Frankivsk,
2019,secondary_wired_or_wireless_gt30,19_reg_Kyiv,
2019,secondary_wired_or_wireless_gt30,20_reg_Kirovohrad,
2019,secondary_wired_or_wireless_gt30,21_reg_Luhansk,
2019,secondary_wired_or_wireless_gt30,22_reg_Lviv,
2019,secondary_wired_or_wireless_gt30,23_reg_Mykolayiv,
2019,secondary_wired_or_wireless_gt30,24_reg_Odesa,
2019,secondary_wired_or_wireless_gt30,25_reg_Poltava,
2019,secondary_wired_or_wireless_gt30,26_reg_Rivne,
2019,secondary_wired_or_wireless_gt30,27_reg_Sumy,
2019,secondary_wired_or_wireless_gt30,28_reg_Ternopil,
2019,secondary_wired_or_wireless_gt30,29_reg_Kharkiv,
2019,secondary_wired_or_wireless_gt30,30_reg_Kherson,
2019,secondary_wired_or_wireless_gt30,31_reg_Khmelnytskiy,
2019,secondary_wired_or_wireless_gt30,32_reg_Cherkasy,
2019,secondary_wired_or_wireless_gt30,33_reg_Chernivtsi,
2019,secondary_wired_or_wireless_gt30,34_reg_Chernihiv,
2019,secondary_wired_or_wireless_gt30,35_reg_Kyiv_city,
2020,preschool_wired_gt30,Ukraine,
2020,preschool_wired_gt30,11_reg_Vinnytsya,
2020,preschool_wired_gt30,12_reg_Volyn,
2020,preschool_wired_gt30,13_reg_Dnipropetrovsk,
2020,preschool_wired_gt30,14_reg_Donetsk,
2020,preschool_wired_gt30,15_reg_Zhytomyr,
2020,preschool_wired_gt30,16_reg_Zakarpattya,
2020,preschool_wired_gt30,17_reg_Zaporizhzhya,
2020,preschool_wired_gt30,18_reg_Ivano-Frankivsk,
2020,preschool_wired_gt30,19_reg_Kyiv,
2020,preschool_wired_gt30,20_reg_Kirovohrad,
2020,preschool_wired_gt30,21_reg_Luhansk,
2020,preschool_wired_gt30,22_reg_Lviv,
2020,preschool_wired_gt30,23_reg_Mykolayiv,
2020,preschool_wired_gt30,24_reg_Odesa,
2020,preschool_wired_gt30,25_reg_Poltava,
2020,preschool_wired_gt30,26_reg_Rivne,
2020,preschool_wired_gt30,27_reg_Sumy,
2020,preschool_wired_gt30,28_reg_Ternopil,
2020,preschool_wired_gt30,29_reg_Kharkiv,
2020,preschool_wired_gt30,30_reg_Kherson,
2020,preschool_wired_gt30,31_reg_Khmelnytskiy,
2020,preschool_wired_gt30,32_reg_Cherkasy,
2020,preschool_wired_gt30,33_reg_Chernivtsi,
2020,preschool_wired_gt30,34_reg_Chernihiv,
2020,preschool_wired_gt30,35_reg_Kyiv_city,
2020,preschool_wireless_gt30,Ukraine,
2020,preschool_wireless_gt30,11_reg_Vinnytsya,
2020,preschool_wireless_gt30,12_reg_Volyn,
2020,preschool_wireless_gt30,13_reg_Dnipropetrovsk,
2020,preschool_wireless_gt30,14_reg_Donetsk,
2020,preschool_wireless_gt30,15_reg_Zhytomyr,
2020,preschool_wireless_gt30,16_reg_Zakarpattya,
2020,preschool_wireless_gt30,17_reg_Zaporizhzhya,
2020,preschool_wireless_gt30,18_reg_Ivano-Frankivsk,
2020,preschool_wireless_gt30,19_reg_Kyiv,
2020,preschool_wireless_gt30,20_reg_Kirovohrad,
2020,preschool_wireless_gt30,21_reg_Luhansk,
2020,preschool_wireless_gt30,22_reg_Lviv,
2020,preschool_wireless_gt30,23_reg_Mykolayiv,
2020,preschool_wireless_gt30,24_reg_Odesa,
2020,preschool_wireless_gt30,25_reg_Poltava,
2020,preschool_wireless_gt30,26_reg_Rivne,
2020,preschool_wireless_gt30,27_reg_Sumy,
2020,preschool_wireless_gt30,28_reg_Ternopil,
2020,preschool_wireless_gt30,29_reg_Kharkiv,
2020,preschool_wireless_gt30,30_reg_Kherson,
2020,preschool_wireless_gt30,31_reg_Khmelnytskiy,
2020,preschool_wireless_gt30,32_reg_Cherkasy,
2020,preschool_wireless_gt30,33_reg_Chernivtsi,
2020,preschool_wireless_gt30,34_reg_Chernihiv,
2020,preschool_wireless_gt30,35_reg_Kyiv_city,
2020,preschool_wired_or_wireless_gt30,Ukraine,
2020,preschool_wired_or_wireless_gt30,11_reg_Vinnytsya,
2020,preschool_wired_or_wireless_gt30,12_reg_Volyn,
2020,preschool_wired_or_wireless_gt30,13_reg_Dnipropetrovsk,
2020,preschool_wired_or_wireless_gt30,14_reg_Donetsk,
2020,preschool_wired_or_wireless_gt30,15_reg_Zhytomyr,
2020,preschool_wired_or_wireless_gt30,16_reg_Zakarpattya,
2020,preschool_wired_or_wireless_gt30,17_reg_Zaporizhzhya,
2020,preschool_wired_or_wireless_gt30,18_reg_Ivano-Frankivsk,
2020,preschool_wired_or_wireless_gt30,19_reg_Kyiv,
2020,preschool_wired_or_wireless_gt30,20_reg_Kirovohrad,
2020,preschool_wired_or_wireless_gt30,21_reg_Luhansk,
2020,preschool_wired_or_wireless_gt30,22_reg_Lviv,
2020,preschool_wired_or_wireless_gt30,23_reg_Mykolayiv,
2020,preschool_wired_or_wireless_gt30,24_reg_Odesa,
2020,preschool_wired_or_wireless_gt30,25_reg_Poltava,
2020,preschool_wired_or_wireless_gt30,26_reg_Rivne,
2020,preschool_wired_or_wireless_gt30,27_reg_Sumy,
2020,preschool_wired_or_wireless_gt30,28_reg_Ternopil,
2020,preschool_wired_or_wireless_gt30,29_reg_Kharkiv,
2020,preschool_wired_or_wireless_gt30,30_reg_Kherson,
2020,preschool_wired_or_wireless_gt30,31_reg_Khmelnytskiy,
2020,preschool_wired_or_wireless_gt30,32_reg_Cherkasy,
2020,preschool_wired_or_wireless_gt30,33_reg_Chernivtsi,
2020,preschool_wired_or_wireless_gt30,34_reg_Chernihiv,
2020,preschool_wired_or_wireless_gt30,35_reg_Kyiv_city,
2020,secondary_internet_any_speed,Ukraine,
2020,secondary_internet_any_speed,11_reg_Vinnytsya,
2020,secondary_internet_any_speed,12_reg_Volyn,
2020,secondary_internet_any_speed,13_reg_Dnipropetrovsk,
2020,secondary_internet_any_speed,14_reg_Donetsk,
2020,secondary_internet_any_speed,15_reg_Zhytomyr,
2020,secondary_internet_any_speed,16_reg_Zakarpattya,
2020,secondary_internet_any_speed,17_reg_Zaporizhzhya,
2020,secondary_internet_any_speed,18_reg_Ivano-Frankivsk,
2020,secondary_internet_any_speed,19_reg_Kyiv,
2020,secondary_internet_any_speed,20_reg_Kirovohrad,
2020,secondary_internet_any_speed,21_reg_Luhansk,
2020,secondary_internet_any_speed,22_reg_Lviv,
2020,secondary_internet_any_speed,23_reg_Mykolayiv,
2020,secondary_internet_any_speed,24_reg_Odesa,
2020,secondary_internet_any_speed,25_reg_Poltava,
2020,secondary_internet_any_speed,26_reg_Rivne,
2020,secondary_internet_any_speed,27_reg_Sumy,
2020,secondary_internet_any_speed,28_reg_Ternopil,
2020,secondary_internet_any_speed,29_reg_Kharkiv,
2020,secondary_internet_any_speed,30_reg_Kherson,
2020,secondary_internet_any_speed,31_reg_Khmelnytskiy,
2020,secondary_internet_any_speed,32_reg_Cherkasy,
2020,secondary_internet_any_speed,33_reg_Chernivtsi,
2020,secondary_internet_any_speed,34_reg_Chernihiv,
2020,secondary_internet_any_speed,35_reg_Kyiv_city,
2020,secondary_wired_gt30,Ukraine,60.49
2020,secondary_wired_gt30,11_reg_Vinnytsya,42.8
2020,secondary_wired_gt30,12_reg_Volyn,76.58
2020,secondary_wired_gt30,13_reg_Dnipropetrovsk,68.81
2020,secondary_wired_gt30,14_reg_Donetsk,73.58
2020,secondary_wired_gt30,15_reg_Zhytomyr,36.82
2020,secondary_wired_gt30,16_reg_Zakarpattya,50.08
2020,secondary_wired_gt30,17_reg_Zaporizhzhya,64.34
2020,secondary_wired_gt30,18_reg_Ivano-Frankivsk,57.98
2020,secondary_wired_gt30,19_reg_Kyiv,79.22
2020,secondary_wired_gt30,20_reg_Kirovohrad,67.79
2020,secondary_wired_gt30,21_reg_Luhansk,43.87
2020,secondary_wired_gt30,22_reg_Lviv,65.23
2020,secondary_wired_gt30,23_reg_Mykolayiv,44.47
2020,secondary_wired_gt30,24_reg_Odesa,56.24
2020,secondary_wired_gt30,25_reg_Poltava,56.61
2020,secondary_wired_gt30,26_reg_Rivne,78.67
2020,secondary_wired_gt30,27_reg_Sumy,69.92
2020,secondary_wired_gt30,28_reg_Ternopil,76.21
2020,secondary_wired_gt30,29_reg_Kharkiv,65.73
2020,secondary_wired_gt30,30_reg_Kherson,53.65
2020,secondary_wired_gt30,31_reg_Khmelnytskiy,47.05
2020,secondary_wired_gt30,32_reg_Cherkasy,61.42
2020,secondary_wired_gt30,33_reg_Chernivtsi,95.88
2020,secondary_wired_gt30,34_reg_Chernihiv,38.15
2020,secondary_wired_gt30,35_reg_Kyiv_city,34.26
2020,secondary_wireless_gt30,Ukraine,28.75
2020,secondary_wireless_gt30,11_reg_Vinnytsya,17.56
2020,secondary_wireless_gt30,12_reg_Volyn,21.37
2020,secondary_wireless_gt30,13_reg_Dnipropetrovsk,50.97
2020,secondary_wireless_gt30,14_reg_Donetsk,38.21
2020,secondary_wireless_gt30,15_reg_Zhytomyr,18.08
2020,secondary_wireless_gt30,16_reg_Zakarpattya,32.64
2020,secondary_wireless_gt30,17_reg_Zaporizhzhya,37.4
2020,secondary_wireless_gt30,18_reg_Ivano-Frankivsk,0.31
2020,secondary_wireless_gt30,19_reg_Kyiv,48.4
2020,secondary_wireless_gt30,20_reg_Kirovohrad,40.6
2020,secondary_wireless_gt30,21_reg_Luhansk,21.19
2020,secondary_wireless_gt30,22_reg_Lviv,26.76
2020,secondary_wireless_gt30,23_reg_Mykolayiv,25.38
2020,secondary_wireless_gt30,24_reg_Odesa,29.17
2020,secondary_wireless_gt30,25_reg_Poltava,46.56
2020,secondary_wireless_gt30,26_reg_Rivne,12.59
2020,secondary_wireless_gt30,27_reg_Sumy,17.22
2020,secondary_wireless_gt30,28_reg_Ternopil,21.59
2020,secondary_wireless_gt30,29_reg_Kharkiv,35.24
2020,secondary_wireless_gt30,30_reg_Kherson,36.72
2020,secondary_wireless_gt30,31_reg_Khmelnytskiy,22.62
2020,secondary_wireless_gt30,32_reg_Cherkasy,29.17
2020,secondary_wireless_gt30,33_reg_Chernivtsi,52.58
2020,secondary_wireless_gt30,34_reg_Chernihiv,20.47
2020,secondary_wireless_gt30,35_reg_Kyiv_city,19.44
2020,secondary_wired_or_wireless_gt30,Ukraine,
2020,secondary_wired_or_wireless_gt30,11_reg_Vinnytsya,
2020,secondary_wired_or_wireless_gt30,12_reg_Volyn,
2020,secondary_wired_or_wireless_gt30,13_reg_Dnipropetrovsk,
2020,secondary_wired_or_wireless_gt30,14_reg_Donetsk,
2020,secondary_wired_or_wireless_gt30,15_reg_Zhytomyr,
2020,secondary_wired_or_wireless_gt30,16_reg_Zakarpattya,
2020,secondary_wired_or_wireless_gt30,17_reg_Zaporizhzhya,
2020,secondary_wired_or_wireless_gt30,18_reg_Ivano-Frankivsk,
2020,secondary_wired_or_wireless_gt30,19_reg_Kyiv,
2020,secondary_wired_or_wireless_gt30,20_reg_Kirovohrad,
2020,secondary_wired_or_wireless_gt30,21_reg_Luhansk,
2020,secondary_wired_or_wireless_gt30,22_reg_Lviv,
2020,secondary_wired_or_wireless_gt30,23_reg_Mykolayiv,
2020,secondary_wired_or_wireless_gt30,24_reg_Odesa,
2020,secondary_wired_or_wireless_gt30,25_reg_Poltava,
2020,secondary_wired_or_wireless_gt30,26_reg_Rivne,
2020,secondary_wired_or_wireless_gt30,27_reg_Sumy,
2020,secondary_wired_or_wireless_gt30,28_reg_Ternopil,
2020,secondary_wired_or_wireless_gt30,29_reg_Kharkiv,
2020,secondary_wired_or_wireless_gt30,30_reg_Kherson,
2020,secondary_wired_or_wireless_gt30,31_reg_Khmelnytskiy,
2020,secondary_wired_or_wireless_gt30,32_reg_Cherkasy,
2020,secondary_wired_or_wireless_gt30,33_reg_Chernivtsi,
2020,secondary_wired_or_wireless_gt30,34_reg_Chernihiv,
2020,secondary_wired_or_wireless_gt30,35_reg_Kyiv_city,
2021,preschool_wired_gt30,Ukraine,
2021,preschool_wired_gt30,11_reg_Vinnytsya,
2021,preschool_wired_gt30,12_reg_Volyn,
2021,preschool_wired_gt30,13_reg_Dnipropetrovsk,
2021,preschool_wired_gt30,14_reg_Donetsk,
2021,preschool_wired_gt30,15_reg_Zhytomyr,
2021,preschool_wired_gt30,16_reg_Zakarpattya,
2021,preschool_wired_gt30,17_reg_Zaporizhzhya,
2021,preschool_wired_gt30,18_reg_Ivano-Frankivsk,
2021,preschool_wired_gt30,19_reg_Kyiv,
2021,preschool_wired_gt30,20_reg_Kirovohrad,
2021,preschool_wired_gt30,21_reg_Luhansk,
2021,preschool_wired_gt30,22_reg_Lviv,
2021,preschool_wired_gt30,23_reg_Mykolayiv,
2021,preschool_wired_gt30,24_reg_Odesa,
2021,preschool_wired_gt30,25_reg_Poltava,
2021,preschool_wired_gt30,26_reg_Rivne,
2021,preschool_wired_gt30,27_reg_Sumy,
2021,preschool_wired_gt30,28_reg_Ternopil,
2021,preschool_wired_gt30,29_reg_Kharkiv,
2021,preschool_wired_gt30,30_reg_Kherson,
2021,preschool_wired_gt30,31_reg_Khmelnytskiy,
2021,preschool_wired_gt30,32_reg_Cherkasy,
2021,preschool_wired_gt30,33_reg_Chernivtsi,
2021,preschool_wired_gt30,34_reg_Chernihiv,
2021,preschool_wired_gt30,35_reg_Kyiv_city,
2021,preschool_wireless_gt30,Ukraine,
2021,preschool_wireless_gt30,11_reg_Vinnytsya,
2021,preschool_wireless_gt30,12_reg_Volyn,
2021,preschool_wireless_gt30,13_reg_Dnipropetrovsk,
2021,preschool_wireless_gt30,14_reg_Donetsk,
2021,preschool_wireless_gt30,15_reg_Zhytomyr,
2021,preschool_wireless_gt30,16_reg_Zakarpattya,
2021,preschool_wireless_gt30,17_reg_Zaporizhzhya,
2021,preschool_wireless_gt30,18_reg_Ivano-Frankivsk,
2021,preschool_wireless_gt30,19_reg_Kyiv,
2021,preschool_wireless_gt30,20_reg_Kirovohrad,
2021,preschool_wireless_gt30,21_reg_Luhansk,
2021,preschool_wireless_gt30,22_reg_Lviv,
2021,preschool_wireless_gt30,23_reg_Mykolayiv,
2021,preschool_wireless_gt30,24_reg_Odesa,
2021,preschool_wireless_gt30,25_reg_Poltava,
2021,preschool_wireless_gt30,26_reg_Rivne,
2021,preschool_wireless_gt30,27_reg_Sumy,
2021,preschool_wireless_gt30,28_reg_Ternopil,
2021,preschool_wireless_gt30,29_reg_Kharkiv,
2021,preschool_wireless_gt30,30_reg_Kherson,
2021,preschool_wireless_gt30,31_reg_Khmelnytskiy,
2021,preschool_wireless_gt30,32_reg_Cherkasy,
2021,preschool_wireless_gt30,33_reg_Chernivtsi,
2021,preschool_wireless_gt30,34_reg_Chernihiv,
2021,preschool_wireless_gt30,35_reg_Kyiv_city,
2021,preschool_wired_or_wireless_gt30,Ukraine,
2021,preschool_wired_or_wireless_gt30,11_reg_Vinnytsya,
2021,preschool_wired_or_wireless_gt30,12_reg_Volyn,
2021,preschool_wired_or_wireless_gt30,13_reg_Dnipropetrovsk,
2021,preschool_wired_or_wireless_gt30,14_reg_Donetsk,
2021,preschool_wired_or_wireless_gt30,15_reg_Zhytomyr,
2021,preschool_wired_or_wireless_gt30,16_reg_Zakarpattya,
2021,preschool_wired_or_wireless_gt30,17_reg_Zaporizhzhya,
2021,preschool_wired_or_wireless_gt30,18_reg_Ivano-Frankivsk,
2021,preschool_wired_or_wireless_gt30,19_reg_Kyiv,
2021,preschool_wired_or_wireless_gt30,20_reg_Kirovohrad,
2021,preschool_wired_or_wireless_gt30,21_reg_Luhansk,
2021,preschool_wired_or_wireless_gt30,22_reg_Lviv,
2021,preschool_wired_or_wireless_gt30,23_reg_Mykolayiv,
2021,preschool_wired_or_wireless_gt30,24_reg_Odesa,
2021,preschool_wired_or_wireless_gt30,25_reg_Poltava,
2021,preschool_wired_or_wireless_gt30,26_reg_Rivne,
2021,preschool_wired_or_wireless_gt30,27_reg_Sumy,
2021,preschool_wired_or_wireless_gt30,28_reg_Ternopil,
2021,preschool_wired_or_wireless_gt30,29_reg_Kharkiv,
2021,preschool_wired_or_wireless_gt30,30_reg_Kherson,
2021,preschool_wired_or_wireless_gt30,31_reg_Khmelnytskiy,
2021,preschool_wired_or_wireless_gt30,32_reg_Cherkasy,
2021,preschool_wired_or_wireless_gt30,33_reg_Chernivtsi,
2021,preschool_wired_or_wireless_gt30,34_reg_Chernihiv,
2021,preschool_wired_or_wireless_gt30,35_reg_Kyiv_city,
2021,secondary_internet_any_speed,Ukraine,
2021,secondary_internet_any_speed,11_reg_Vinnytsya,
2021,secondary_internet_any_speed,12_reg_Volyn,
2021,secondary_internet_any_speed,13_reg_Dnipropetrovsk,
2021,secondary_internet_any_speed,14_reg_Donetsk,
2021,secondary_internet_any_speed,15_reg_Zhytomyr,
2021,secondary_internet_any_speed,16_reg_Zakarpattya,
2021,secondary_internet_any_speed,17_reg_Zaporizhzhya,
2021,secondary_internet_any_speed,18_reg_Ivano-Frankivsk,
2021,secondary_internet_any_speed,19_reg_Kyiv,
2021,secondary_internet_any_speed,20_reg_Kirovohrad,
2021,secondary_internet_any_speed,21_reg_Luhansk,
2021,secondary_internet_any_speed,22_reg_Lviv,
2021,secondary_internet_any_speed,23_reg_Mykolayiv,
2021,secondary_internet_any_speed,24_reg_Odesa,
2021,secondary_internet_any_speed,25_reg_Poltava,
2021,secondary_internet_any_speed,26_reg_Rivne,
2021,secondary_internet_any_speed,27_reg_Sumy,
2021,secondary_internet_any_speed,28_reg_Ternopil,
2021,secondary_internet_any_speed,29_reg_Kharkiv,
2021,secondary_internet_any_speed,30_reg_Kherson,
2021,secondary_internet_any_speed,31_reg_Khmelnytskiy,
2021,secondary_internet_any_speed,32_reg_Cherkasy,
2021,secondary_internet_any_speed,33_reg_Chernivtsi,
2021,secondary_internet_any_speed,34_reg_Chernihiv,
2021,secondary_internet_any_speed,35_reg_Kyiv_city,
2021,secondary_wired_gt30,Ukraine,74.34
2021,secondary_wired_gt30,11_reg_Vinnytsya,63.21
2021,secondary_wired_gt30,12_reg_Volyn,85.71
2021,secondary_wired_gt30,13_reg_Dnipropetrovsk,75.43
2021,secondary_wired_gt30,14_reg_Donetsk,88.03
2021,secondary_wired_gt30,15_reg_Zhytomyr,56.36
2021,secondary_wired_gt30,16_reg_Zakarpattya,63.75
2021,secondary_wired_gt30,17_reg_Zaporizhzhya,75.63
2021,secondary_wired_gt30,18_reg_Ivano-Frankivsk,71.12
2021,secondary_wired_gt30,19_reg_Kyiv,87.13
2021,secondary_wired_gt30,20_reg_Kirovohrad,75.17
2021,secondary_wired_gt30,21_reg_Luhansk,46.8
2021,secondary_wired_gt30,22_reg_Lviv,76.51
2021,secondary_wired_gt30,23_reg_Mykolayiv,53.17
2021,secondary_wired_gt30,24_reg_Odesa,75.6
2021,secondary_wired_gt30,25_reg_Poltava,69.87
2021,secondary_wired_gt30,26_reg_Rivne,87.76
2021,secondary_wired_gt30,27_reg_Sumy,81.27
2021,secondary_wired_gt30,28_reg_Ternopil,85.47
2021,secondary_wired_gt30,29_reg_Kharkiv,74.0
2021,secondary_wired_gt30,30_reg_Kherson,64.63
2021,secondary_wired_gt30,31_reg_Khmelnytskiy,66.55
2021,secondary_wired_gt30,32_reg_Cherkasy,78.42
2021,secondary_wired_gt30,33_reg_Chernivtsi,99.13
2021,secondary_wired_gt30,34_reg_Chernihiv,53.11
2021,secondary_wired_gt30,35_reg_Kyiv_city,88.01
2021,secondary_wireless_gt30,Ukraine,38.87
2021,secondary_wireless_gt30,11_reg_Vinnytsya,26.1
2021,secondary_wireless_gt30,12_reg_Volyn,18.63
2021,secondary_wireless_gt30,13_reg_Dnipropetrovsk,56.97
2021,secondary_wireless_gt30,14_reg_Donetsk,76.26
2021,secondary_wireless_gt30,15_reg_Zhytomyr,33.57
2021,secondary_wireless_gt30,16_reg_Zakarpattya,45.88
2021,secondary_wireless_gt30,17_reg_Zaporizhzhya,50.0
2021,secondary_wireless_gt30,18_reg_Ivano-Frankivsk,0.17
2021,secondary_wireless_gt30,19_reg_Kyiv,53.8
2021,secondary_wireless_gt30,20_reg_Kirovohrad,61.56
2021,secondary_wireless_gt30,21_reg_Luhansk,14.0
2021,secondary_wireless_gt30,22_reg_Lviv,46.26
2021,secondary_wireless_gt30,23_reg_Mykolayiv,29.41
2021,secondary_wireless_gt30,24_reg_Odesa,41.94
2021,secondary_wireless_gt30,25_reg_Poltava,56.05
2021,secondary_wireless_gt30,26_reg_Rivne,0.93
2021,secondary_wireless_gt30,27_reg_Sumy,35.54
2021,secondary_wireless_gt30,28_reg_Ternopil,9.27
2021,secondary_wireless_gt30,29_reg_Kharkiv,38.29
2021,secondary_wireless_gt30,30_reg_Kherson,53.19
2021,secondary_wireless_gt30,31_reg_Khmelnytskiy,33.45
2021,secondary_wireless_gt30,32_reg_Cherkasy,48.13
2021,secondary_wireless_gt30,33_reg_Chernivtsi,57.73
2021,secondary_wireless_gt30,34_reg_Chernihiv,23.68
2021,secondary_wireless_gt30,35_reg_Kyiv_city,61.36
2021,secondary_wired_or_wireless_gt30,Ukraine,
2021,secondary_wired_or_wireless_gt30,11_reg_Vinnytsya,
2021,secondary_wired_or_wireless_gt30,12_reg_Volyn,
2021,secondary_wired_or_wireless_gt30,13_reg_Dnipropetrovsk,
2021,secondary_wired_or_wireless_gt30,14_reg_Donetsk,
2021,secondary_wired_or_wireless_gt30,15_reg_Zhytomyr,
2021,secondary_wired_or_wireless_gt30,16_reg_Zakarpattya,
2021,secondary_wired_or_wireless_gt30,17_reg_Zaporizhzhya,
2021,secondary_wired_or_wireless_gt30,18_reg_Ivano-Frankivsk,
2021,secondary_wired_or_wireless_gt30,19_reg_Kyiv,
2021,secondary_wired_or_wireless_gt30,20_reg_Kirovohrad,
2021,secondary_wired_or_wireless_gt30,21_reg_Luhansk,
2021,secondary_wired_or_wireless_gt30,22_reg_Lviv,
2021,secondary_wired_or_wireless_gt30,23_reg_Mykolayiv,
2021,secondary_wired_or_wireless_gt30,24_reg_Odesa,
2021,secondary_wired_or_wireless_gt30,25_reg_Poltava,
2021,secondary_wired_or_wireless_gt30,26_reg_Rivne,
2021,secondary_wired_or_wireless_gt30,27_reg_Sumy,
2021,secondary_wired_or_wireless_gt30,28_reg_Ternopil,
2021,secondary_wired_or_wireless_gt30,29_reg_Kharkiv,
2021,secondary_wired_or_wireless_gt30,30_reg_Kherson,
2021,secondary_wired_or_wireless_gt30,31_reg_Khmelnytskiy,
2021,secondary_wired_or_wireless_gt30,32_reg_Cherkasy,
2021,secondary_wired_or_wireless_gt30,33_reg_Chernivtsi,
2021,secondary_wired_or_wireless_gt30,34_reg_Chernihiv,
2021,secondary_wired_or_wireless_gt30,35_reg_Kyiv_city,
2022,preschool_wired_gt30,Ukraine,58.88
2022,preschool_wired_gt30,11_reg_Vinnytsya,51.54
2022,preschool_wired_gt30,12_reg_Volyn,50.52
2022,preschool_wired_gt30,13_reg_Dnipropetrovsk,54.78
2022,preschool_wired_gt30,14_reg_Donetsk,54.12
2022,preschool_wired_gt30,15_reg_Zhytomyr,65.18
2022,preschool_wired_gt30,16_reg_Zakarpattya,52.08
2022,preschool_wired_gt30,17_reg_Zaporizhzhya,45.43
2022,preschool_wired_gt30,18_reg_Ivano-Frankivsk,55.36
2022,preschool_wired_gt30,19_reg_Kyiv,66.96
2022,preschool_wired_gt30,20_reg_Kirovohrad,43.64
2022,preschool_wired_gt30,21_reg_Luhansk,
2022,preschool_wired_gt30,22_reg_Lviv,55.11
2022,preschool_wired_gt30,23_reg_Mykolayiv,51.18
2022,preschool_wired_gt30,24_reg_Odesa,72.07
2022,preschool_wired_gt30,25_reg_Poltava,56.09
2022,preschool_wired_gt30,26_reg_Rivne,49.13
2022,preschool_wired_gt30,27_reg_Sumy,73.28
2022,preschool_wired_gt30,28_reg_Ternopil,53.42
2022,preschool_wired_gt30,29_reg_Kharkiv,62.64
2022,preschool_wired_gt30,30_reg_Kherson,27.32
2022,preschool_wired_gt30,31_reg_Khmelnytskiy,61.88
2022,preschool_wired_gt30,32_reg_Cherkasy,64.58
2022,preschool_wired_gt30,33_reg_Chernivtsi,87.95
2022,preschool_wired_gt30,34_reg_Chernihiv,43.53
2022,preschool_wired_gt30,35_reg_Kyiv_city,80.91
2022,preschool_wireless_gt30,Ukraine,30.87
2022,preschool_wireless_gt30,11_reg_Vinnytsya,30.34
2022,preschool_wireless_gt30,12_reg_Volyn,29.07
2022,preschool_wireless_gt30,13_reg_Dnipropetrovsk,33.3
2022,preschool_wireless_gt30,14_reg_Donetsk,37.06
2022,preschool_wireless_gt30,15_reg_Zhytomyr,39.94
2022,preschool_wireless_gt30,16_reg_Zakarpattya,42.26
2022,preschool_wireless_gt30,17_reg_Zaporizhzhya,17.2
2022,preschool_wireless_gt30,18_reg_Ivano-Frankivsk,30.9
2022,preschool_wireless_gt30,19_reg_Kyiv,41.58
2022,preschool_wireless_gt30,20_reg_Kirovohrad,28.41
2022,preschool_wireless_gt30,21_reg_Luhansk,
2022,preschool_wireless_gt30,22_reg_Lviv,35.52
2022,preschool_wireless_gt30,23_reg_Mykolayiv,17.25
2022,preschool_wireless_gt30,24_reg_Odesa,13.41
2022,preschool_wireless_gt30,25_reg_Poltava,37.4
2022,preschool_wireless_gt30,26_reg_Rivne,26.5
2022,preschool_wireless_gt30,27_reg_Sumy,12.5
2022,preschool_wireless_gt30,28_reg_Ternopil,19.96
2022,preschool_wireless_gt30,29_reg_Kharkiv,27.2
2022,preschool_wireless_gt30,30_reg_Kherson,18.54
2022,preschool_wireless_gt30,31_reg_Khmelnytskiy,33.72
2022,preschool_wireless_gt30,32_reg_Cherkasy,31.69
2022,preschool_wireless_gt30,33_reg_Chernivtsi,7.69
2022,preschool_wireless_gt30,34_reg_Chernihiv,19.15
2022,preschool_wireless_gt30,35_reg_Kyiv_city,69.02
2022,preschool_wired_or_wireless_gt30,Ukraine,64.68
2022,preschool_wired_or_wireless_gt30,11_reg_Vinnytsya,58.99
2022,preschool_wired_or_wireless_gt30,12_reg_Volyn,59.79
2022,preschool_wired_or_wireless_gt30,13_reg_Dnipropetrovsk,58.68
2022,preschool_wired_or_wireless_gt30,14_reg_Donetsk,57.94
2022,preschool_wired_or_wireless_gt30,15_reg_Zhytomyr,71.57
2022,preschool_wired_or_wireless_gt30,16_reg_Zakarpattya,56.24
2022,preschool_wired_or_wireless_gt30,17_reg_Zaporizhzhya,48.39
2022,preschool_wired_or_wireless_gt30,18_reg_Ivano-Frankivsk,60.52
2022,preschool_wired_or_wireless_gt30,19_reg_Kyiv,75.64
2022,preschool_wired_or_wireless_gt30,20_reg_Kirovohrad,47.73
2022,preschool_wired_or_wireless_gt30,21_reg_Luhansk,
2022,preschool_wired_or_wireless_gt30,22_reg_Lviv,61.36
2022,preschool_wired_or_wireless_gt30,23_reg_Mykolayiv,56.86
2022,preschool_wired_or_wireless_gt30,24_reg_Odesa,79.51
2022,preschool_wired_or_wireless_gt30,25_reg_Poltava,64.61
2022,preschool_wired_or_wireless_gt30,26_reg_Rivne,57.45
2022,preschool_wired_or_wireless_gt30,27_reg_Sumy,76.72
2022,preschool_wired_or_wireless_gt30,28_reg_Ternopil,60.07
2022,preschool_wired_or_wireless_gt30,29_reg_Kharkiv,66.35
2022,preschool_wired_or_wireless_gt30,30_reg_Kherson,28.78
2022,preschool_wired_or_wireless_gt30,31_reg_Khmelnytskiy,68.18
2022,preschool_wired_or_wireless_gt30,32_reg_Cherkasy,72.88
2022,preschool_wired_or_wireless_gt30,33_reg_Chernivtsi,88.72
2022,preschool_wired_or_wireless_gt30,34_reg_Chernihiv,50.25
2022,preschool_wired_or_wireless_gt30,35_reg_Kyiv_city,84.23
2022,secondary_internet_any_speed,Ukraine,
2022,secondary_internet_any_speed,11_reg_Vinnytsya,
2022,secondary_internet_any_speed,12_reg_Volyn,
2022,secondary_internet_any_speed,13_reg_Dnipropetrovsk,
2022,secondary_internet_any_speed,14_reg_Donetsk,
2022,secondary_internet_any_speed,15_reg_Zhytomyr,
2022,secondary_internet_any_speed,16_reg_Zakarpattya,
2022,secondary_internet_any_speed,17_reg_Zaporizhzhya,
2022,secondary_internet_any_speed,18_reg_Ivano-Frankivsk,
2022,secondary_internet_any_speed,19_reg_Kyiv,
2022,secondary_internet_any_speed,20_reg_Kirovohrad,
2022,secondary_internet_any_speed,21_reg_Luhansk,
2022,secondary_internet_any_speed,22_reg_Lviv,
2022,secondary_internet_any_speed,23_reg_Mykolayiv,
2022,secondary_internet_any_speed,24_reg_Odesa,
2022,secondary_internet_any_speed,25_reg_Poltava,
2022,secondary_internet_any_speed,26_reg_Rivne,
2022,secondary_internet_any_speed,27_reg_Sumy,
2022,secondary_internet_any_speed,28_reg_Ternopil,
2022,secondary_internet_any_speed,29_reg_Kharkiv,
2022,secondary_internet_any_speed,30_reg_Kherson,
2022,secondary_internet_any_speed,31_reg_Khmelnytskiy,
2022,secondary_internet_any_speed,32_reg_Cherkasy,
2022,secondary_internet_any_speed,33_reg_Chernivtsi,
2022,secondary_internet_any_speed,34_reg_Chernihiv,
2022,secondary_internet_any_speed,35_reg_Kyiv_city,
2022,secondary_wired_gt30,Ukraine,80.3
2022,secondary_wired_gt30,11_reg_Vinnytsya,77.58
2022,secondary_wired_gt30,12_reg_Volyn,86.37
2022,secondary_wired_gt30,13_reg_Dnipropetrovsk,80.79
2022,secondary_wired_gt30,14_reg_Donetsk,80.69
2022,secondary_wired_gt30,15_reg_Zhytomyr,66.98
2022,secondary_wired_gt30,16_reg_Zakarpattya,69.97
2022,secondary_wired_gt30,17_reg_Zaporizhzhya,64.65
2022,secondary_wired_gt30,18_reg_Ivano-Frankivsk,72.16
2022,secondary_wired_gt30,19_reg_Kyiv,89.52
2022,secondary_wired_gt30,20_reg_Kirovohrad,80.63
2022,secondary_wired_gt30,21_reg_Luhansk,
2022,secondary_wired_gt30,22_reg_Lviv,80.37
2022,secondary_wired_gt30,23_reg_Mykolayiv,63.29
2022,secondary_wired_gt30,24_reg_Odesa,84.19
2022,secondary_wired_gt30,25_reg_Poltava,78.88
2022,secondary_wired_gt30,26_reg_Rivne,92.51
2022,secondary_wired_gt30,27_reg_Sumy,91.22
2022,secondary_wired_gt30,28_reg_Ternopil,86.87
2022,secondary_wired_gt30,29_reg_Kharkiv,75.6
2022,secondary_wired_gt30,30_reg_Kherson,
2022,secondary_wired_gt30,31_reg_Khmelnytskiy,76.77
2022,secondary_wired_gt30,32_reg_Cherkasy,86.85
2022,secondary_wired_gt30,33_reg_Chernivtsi,98.52
2022,secondary_wired_gt30,34_reg_Chernihiv,76.14
2022,secondary_wired_gt30,35_reg_Kyiv_city,88.43
2022,secondary_wireless_gt30,Ukraine,39.94
2022,secondary_wireless_gt30,11_reg_Vinnytsya,34.68
2022,secondary_wireless_gt30,12_reg_Volyn,26.15
2022,secondary_wireless_gt30,13_reg_Dnipropetrovsk,61.46
2022,secondary_wireless_gt30,14_reg_Donetsk,50.34
2022,secondary_wireless_gt30,15_reg_Zhytomyr,40.45
2022,secondary_wireless_gt30,16_reg_Zakarpattya,48.44
2022,secondary_wireless_gt30,17_reg_Zaporizhzhya,43.95
2022,secondary_wireless_gt30,18_reg_Ivano-Frankivsk,8.08
2022,secondary_wireless_gt30,19_reg_Kyiv,53.65
2022,secondary_wireless_gt30,20_reg_Kirovohrad,60.56
2022,secondary_wireless_gt30,21_reg_Luhansk,
2022,secondary_wireless_gt30,22_reg_Lviv,48.4
2022,secondary_wireless_gt30,23_reg_Mykolayiv,30.35
2022,secondary_wireless_gt30,24_reg_Odesa,46.87
2022,secondary_wireless_gt30,25_reg_Poltava,58.14
2022,secondary_wireless_gt30,26_reg_Rivne,3.0
2022,secondary_wireless_gt30,27_reg_Sumy,14.73
2022,secondary_wireless_gt30,28_reg_Ternopil,5.83
2022,secondary_wireless_gt30,29_reg_Kharkiv,40.21
2022,secondary_wireless_gt30,30_reg_Kherson,
2022,secondary_wireless_gt30,31_reg_Khmelnytskiy,36.3
2022,secondary_wireless_gt30,32_reg_Cherkasy,47.2
2022,secondary_wireless_gt30,33_reg_Chernivtsi,59.35
2022,secondary_wireless_gt30,34_reg_Chernihiv,23.35
2022,secondary_wireless_gt30,35_reg_Kyiv_city,69.26
2022,secondary_wired_or_wireless_gt30,Ukraine,
2022,secondary_wired_or_wireless_gt30,11_reg_Vinnytsya,
2022,secondary_wired_or_wireless_gt30,12_reg_Volyn,
2022,secondary_wired_or_wireless_gt30,13_reg_Dnipropetrovsk,
2022,secondary_wired_or_wireless_gt30,14_reg_Donetsk,
2022,secondary_wired_or_wireless_gt30,15_reg_Zhytomyr,
2022,secondary_wired_or_wireless_gt30,16_reg_Zakarpattya,
2022,secondary_wired_or_wireless_gt30,17_reg_Zaporizhzhya,
2022,secondary_wired_or_wireless_gt30,18_reg_Ivano-Frankivsk,
2022,secondary_wired_or_wireless_gt30,19_reg_Kyiv,
2022,secondary_wired_or_wireless_gt30,20_reg_Kirovohrad,
2022,secondary_wired_or_wireless_gt30,21_reg_Luhansk,
2022,secondary_wired_or_wireless_gt30,22_reg_Lviv,
2022,secondary_wired_or_wireless_gt30,23_reg_Mykolayiv,
2022,secondary_wired_or_wireless_gt30,24_reg_Odesa,
2022,secondary_wired_or_wireless_gt30,25_reg_Poltava,
2022,secondary_wired_or_wireless_gt30,26_reg_Rivne,
2022,secondary_wired_or_wireless_gt30,27_reg_Sumy,
2022,secondary_wired_or_wireless_gt30,28_reg_Ternopil,
2022,secondary_wired_or_wireless_gt30,29_reg_Kharkiv,
2022,secondary_wired_or_wireless_gt30,30_reg_Kherson,
2022,secondary_wired_or_wireless_gt30,31_reg_Khmelnytskiy,
2022,secondary_wired_or_wireless_gt30,32_reg_Cherkasy,
2022,secondary_wired_or_wireless_gt30,33_reg_Chernivtsi,
2022,secondary_wired_or_wireless_gt30,34_reg_Chernihiv,
2022,secondary_wired_or_wireless_gt30,35_reg_Kyiv_city,
2023,preschool_wired_gt30,Ukraine,62.15
2023,preschool_wired_gt30,11_reg_Vinnytsya,58.78
2023,preschool_wired_gt30,12_reg_Volyn,54.05
2023,preschool_wired_gt30,13_reg_Dnipropetrovsk,54.86
2023,preschool_wired_gt30,14_reg_Donetsk,48.81
2023,preschool_wired_gt30,15_reg_Zhytomyr,66.83
2023,preschool_wired_gt30,16_reg_Zakarpattya,56.09
2023,preschool_wired_gt30,17_reg_Zaporizhzhya,50.47
2023,preschool_wired_gt30,18_reg_Ivano-Frankivsk,58.11
2023,preschool_wired_gt30,19_reg_Kyiv,71.71
2023,preschool_wired_gt30,20_reg_Kirovohrad,50.35
2023,preschool_wired_gt30,21_reg_Luhansk,
2023,preschool_wired_gt30,22_reg_Lviv,57.8
2023,preschool_wired_gt30,23_reg_Mykolayiv,57.02
2023,preschool_wired_gt30,24_reg_Odesa,76.56
2023,preschool_wired_gt30,25_reg_Poltava,61.47
2023,preschool_wired_gt30,26_reg_Rivne,55.11
2023,preschool_wired_gt30,27_reg_Sumy,76.35
2023,preschool_wired_gt30,28_reg_Ternopil,58.14
2023,preschool_wired_gt30,29_reg_Kharkiv,63.89
2023,preschool_wired_gt30,30_reg_Kherson,19.83
2023,preschool_wired_gt30,31_reg_Khmelnytskiy,65.13
2023,preschool_wired_gt30,32_reg_Cherkasy,71.48
2023,preschool_wired_gt30,33_reg_Chernivtsi,86.7
2023,preschool_wired_gt30,34_reg_Chernihiv,45.95
2023,preschool_wired_gt30,35_reg_Kyiv_city,78.73
2023,preschool_wireless_gt30,Ukraine,36.09
2023,preschool_wireless_gt30,11_reg_Vinnytsya,39.73
2023,preschool_wireless_gt30,12_reg_Volyn,32.43
2023,preschool_wireless_gt30,13_reg_Dnipropetrovsk,40.39
2023,preschool_wireless_gt30,14_reg_Donetsk,35.71
2023,preschool_wireless_gt30,15_reg_Zhytomyr,41.13
2023,preschool_wireless_gt30,16_reg_Zakarpattya,45.24
2023,preschool_wireless_gt30,17_reg_Zaporizhzhya,17.24
2023,preschool_wireless_gt30,18_reg_Ivano-Frankivsk,35.96
2023,preschool_wireless_gt30,19_reg_Kyiv,45.66
2023,preschool_wireless_gt30,20_reg_Kirovohrad,37.41
2023,preschool_wireless_gt30,21_reg_Luhansk,
2023,preschool_wireless_gt30,22_reg_Lviv,41.45
2023,preschool_wireless_gt30,23_reg_Mykolayiv,18.79
2023,preschool_wireless_gt30,24_reg_Odesa,26.68
2023,preschool_wireless_gt30,25_reg_Poltava,42.47
2023,preschool_wireless_gt30,26_reg_Rivne,30.25
2023,preschool_wireless_gt30,27_reg_Sumy,19.28
2023,preschool_wireless_gt30,28_reg_Ternopil,23.79
2023,preschool_wireless_gt30,29_reg_Kharkiv,30.61
2023,preschool_wireless_gt30,30_reg_Kherson,18.18
2023,preschool_wireless_gt30,31_reg_Khmelnytskiy,38.1
2023,preschool_wireless_gt30,32_reg_Cherkasy,41.88
2023,preschool_wireless_gt30,33_reg_Chernivtsi,7.42
2023,preschool_wireless_gt30,34_reg_Chernihiv,24.8
2023,preschool_wireless_gt30,35_reg_Kyiv_city,71.2
2023,preschool_wired_or_wireless_gt30,Ukraine,68.18
2023,preschool_wired_or_wireless_gt30,11_reg_Vinnytsya,65.92
2023,preschool_wired_or_wireless_gt30,12_reg_Volyn,62.16
2023,preschool_wired_or_wireless_gt30,13_reg_Dnipropetrovsk,60.85
2023,preschool_wired_or_wireless_gt30,14_reg_Donetsk,51.49
2023,preschool_wired_or_wireless_gt30,15_reg_Zhytomyr,73.13
2023,preschool_wired_or_wireless_gt30,16_reg_Zakarpattya,59.93
2023,preschool_wired_or_wireless_gt30,17_reg_Zaporizhzhya,52.35
2023,preschool_wired_or_wireless_gt30,18_reg_Ivano-Frankivsk,65.79
2023,preschool_wired_or_wireless_gt30,19_reg_Kyiv,79.08
2023,preschool_wired_or_wireless_gt30,20_reg_Kirovohrad,58.66
2023,preschool_wired_or_wireless_gt30,21_reg_Luhansk,
2023,preschool_wired_or_wireless_gt30,22_reg_Lviv,65.38
2023,preschool_wired_or_wireless_gt30,23_reg_Mykolayiv,61.77
2023,preschool_wired_or_wireless_gt30,24_reg_Odesa,84.54
2023,preschool_wired_or_wireless_gt30,25_reg_Poltava,70.03
2023,preschool_wired_or_wireless_gt30,26_reg_Rivne,62.43
2023,preschool_wired_or_wireless_gt30,27_reg_Sumy,80.21
2023,preschool_wired_or_wireless_gt30,28_reg_Ternopil,63.86
2023,preschool_wired_or_wireless_gt30,29_reg_Kharkiv,67.56
2023,preschool_wired_or_wireless_gt30,30_reg_Kherson,23.14
2023,preschool_wired_or_wireless_gt30,31_reg_Khmelnytskiy,71.27
2023,preschool_wired_or_wireless_gt30,32_reg_Cherkasy,78.7
2023,preschool_wired_or_wireless_gt30,33_reg_Chernivtsi,87.98
2023,preschool_wired_or_wireless_gt30,34_reg_Chernihiv,54.05
2023,preschool_wired_or_wireless_gt30,35_reg_Kyiv_city,82.1
2023,secondary_internet_any_speed,Ukraine,
2023,secondary_internet_any_speed,11_reg_Vinnytsya,
2023,secondary_internet_any_speed,12_reg_Volyn,
2023,secondary_internet_any_speed,13_reg_Dnipropetrovsk,
2023,secondary_internet_any_speed,14_reg_Donetsk,
2023,secondary_internet_any_speed,15_reg_Zhytomyr,
2023,secondary_internet_any_speed,16_reg_Zakarpattya,
2023,secondary_internet_any_speed,17_reg_Zaporizhzhya,
2023,secondary_internet_any_speed,18_reg_Ivano-Frankivsk,
2023,secondary_internet_any_speed,19_reg_Kyiv,
2023,secondary_internet_any_speed,20_reg_Kirovohrad,
2023,secondary_internet_any_speed,21_reg_Luhansk,
2023,secondary_internet_any_speed,22_reg_Lviv,
2023,secondary_internet_any_speed,23_reg_Mykolayiv,
2023,secondary_internet_any_speed,24_reg_Odesa,
2023,secondary_internet_any_speed,25_reg_Poltava,
2023,secondary_internet_any_speed,26_reg_Rivne,
2023,secondary_internet_any_speed,27_reg_Sumy,
2023,secondary_internet_any_speed,28_reg_Ternopil,
2023,secondary_internet_any_speed,29_reg_Kharkiv,
2023,secondary_internet_any_speed,30_reg_Kherson,
2023,secondary_internet_any_speed,31_reg_Khmelnytskiy,
2023,secondary_internet_any_speed,32_reg_Cherkasy,
2023,secondary_internet_any_speed,33_reg_Chernivtsi,
2023,secondary_internet_any_speed,34_reg_Chernihiv,
2023,secondary_internet_any_speed,35_reg_Kyiv_city,
2023,secondary_wired_gt30,Ukraine,82.16
2023,secondary_wired_gt30,11_reg_Vinnytsya,80.67
2023,secondary_wired_gt30,12_reg_Volyn,89.6
2023,secondary_wired_gt30,13_reg_Dnipropetrovsk,81.48
2023,secondary_wired_gt30,14_reg_Donetsk,87.27
2023,secondary_wired_gt30,15_reg_Zhytomyr,70.29
2023,secondary_wired_gt30,16_reg_Zakarpattya,73.29
2023,secondary_wired_gt30,17_reg_Zaporizhzhya,49.46
2023,secondary_wired_gt30,18_reg_Ivano-Frankivsk,75.5
2023,secondary_wired_gt30,19_reg_Kyiv,91.8
2023,secondary_wired_gt30,20_reg_Kirovohrad,85.77
2023,secondary_wired_gt30,21_reg_Luhansk,
2023,secondary_wired_gt30,22_reg_Lviv,81.72
2023,secondary_wired_gt30,23_reg_Mykolayiv,68.81
2023,secondary_wired_gt30,24_reg_Odesa,86.54
2023,secondary_wired_gt30,25_reg_Poltava,84.24
2023,secondary_wired_gt30,26_reg_Rivne,92.99
2023,secondary_wired_gt30,27_reg_Sumy,90.59
2023,secondary_wired_gt30,28_reg_Ternopil,88.64
2023,secondary_wired_gt30,29_reg_Kharkiv,73.18
2023,secondary_wired_gt30,30_reg_Kherson,49.37
2023,secondary_wired_gt30,31_reg_Khmelnytskiy,81.0
2023,secondary_wired_gt30,32_reg_Cherkasy,93.27
2023,secondary_wired_gt30,33_reg_Chernivtsi,98.81
2023,secondary_wired_gt30,34_reg_Chernihiv,81.82
2023,secondary_wired_gt30,35_reg_Kyiv_city,89.52
2023,secondary_wireless_gt30,Ukraine,42.7
2023,secondary_wireless_gt30,11_reg_Vinnytsya,41.67
2023,secondary_wireless_gt30,12_reg_Volyn,22.31
2023,secondary_wireless_gt30,13_reg_Dnipropetrovsk,65.33
2023,secondary_wireless_gt30,14_reg_Donetsk,54.68
2023,secondary_wireless_gt30,15_reg_Zhytomyr,44.08
2023,secondary_wireless_gt30,16_reg_Zakarpattya,47.63
2023,secondary_wireless_gt30,17_reg_Zaporizhzhya,39.19
2023,secondary_wireless_gt30,18_reg_Ivano-Frankivsk,10.81
2023,secondary_wireless_gt30,19_reg_Kyiv,56.43
2023,secondary_wireless_gt30,20_reg_Kirovohrad,68.25
2023,secondary_wireless_gt30,21_reg_Luhansk,
2023,secondary_wireless_gt30,22_reg_Lviv,51.25
2023,secondary_wireless_gt30,23_reg_Mykolayiv,33.33
2023,secondary_wireless_gt30,24_reg_Odesa,48.48
2023,secondary_wireless_gt30,25_reg_Poltava,64.24
2023,secondary_wireless_gt30,26_reg_Rivne,3.03
2023,secondary_wireless_gt30,27_reg_Sumy,18.24
2023,secondary_wireless_gt30,28_reg_Ternopil,10.84
2023,secondary_wireless_gt30,29_reg_Kharkiv,37.91
2023,secondary_wireless_gt30,30_reg_Kherson,36.71
2023,secondary_wireless_gt30,31_reg_Khmelnytskiy,36.47
2023,secondary_wireless_gt30,32_reg_Cherkasy,59.19
2023,secondary_wireless_gt30,33_reg_Chernivtsi,57.61
2023,secondary_wireless_gt30,34_reg_Chernihiv,24.94
2023,secondary_wireless_gt30,35_reg_Kyiv_city,76.38
2023,secondary_wired_or_wireless_gt30,Ukraine,
2023,secondary_wired_or_wireless_gt30,11_reg_Vinnytsya,
2023,secondary_wired_or_wireless_gt30,12_reg_Volyn,
2023,secondary_wired_or_wireless_gt30,13_reg_Dnipropetrovsk,
2023,secondary_wired_or_wireless_gt30,14_reg_Donetsk,
2023,secondary_wired_or_wireless_gt30,15_reg_Zhytomyr,
2023,secondary_wired_or_wireless_gt30,16_reg_Zakarpattya,
2023,secondary_wired_or_wireless_gt30,17_reg_Zaporizhzhya,
2023,secondary_wired_or_wireless_gt30,18_reg_Ivano-Frankivsk,
2023,secondary_wired_or_wireless_gt30,19_reg_Kyiv,
2023,secondary_wired_or_wireless_gt30,20_reg_Kirovohrad,
2023,secondary_wired_or_wireless_gt30,21_reg_Luhansk,
2023,secondary_wired_or_wireless_gt30,22_reg_Lviv,
2023,secondary_wired_or_wireless_gt30,23_reg_Mykolayiv,
2023,secondary_wired_or_wireless_gt30,24_reg_Odesa,
2023,secondary_wired_or_wireless_gt30,25_reg_Poltava,
2023,secondary_wired_or_wireless_gt30,26_reg_Rivne,
2023,secondary_wired_or_wireless_gt30,27_reg_Sumy,
2023,secondary_wired_or_wireless_gt30,28_reg_Ternopil,
2023,secondary_wired_or_wireless_gt30,29_reg_Kharkiv,
2023,secondary_wired_or_wireless_gt30,30_reg_Kherson,
2023,secondary_wired_or_wireless_gt30,31_reg_Khmelnytskiy,
2023,secondary_wired_or_wireless_gt30,32_reg_Cherkasy,
2023,secondary_wired_or_wireless_gt30,33_reg_Chernivtsi,
2023,secondary_wired_or_wireless_gt30,34_reg_Chernihiv,
2023,secondary_wired_or_wireless_gt30,35_reg_Kyiv_city,
2024,preschool_wired_gt30,Ukraine,65.13
2024,preschool_wired_gt30,11_reg_Vinnytsya,60.52
2024,preschool_wired_gt30,12_reg_Volyn,56.5
2024,preschool_wired_gt30,13_reg_Dnipropetrovsk,54.49
2024,preschool_wired_gt30,14_reg_Donetsk,50.43
2024,preschool_wired_gt30,15_reg_Zhytomyr,68.36
2024,preschool_wired_gt30,16_reg_Zakarpattya,57.43
2024,preschool_wired_gt30,17_reg_Zaporizhzhya,78.31
2024,preschool_wired_gt30,18_reg_Ivano-Frankivsk,59.55
2024,preschool_wired_gt30,19_reg_Kyiv,74.32
2024,preschool_wired_gt30,20_reg_Kirovohrad,57.28
2024,preschool_wired_gt30,21_reg_Luhansk,14.29
2024,preschool_wired_gt30,22_reg_Lviv,61.48
2024,preschool_wired_gt30,23_reg_Mykolayiv,58.63
2024,preschool_wired_gt30,24_reg_Odesa,77.25
2024,preschool_wired_gt30,25_reg_Poltava,62.32
2024,preschool_wired_gt30,26_reg_Rivne,57.09
2024,preschool_wired_gt30,27_reg_Sumy,74.43
2024,preschool_wired_gt30,28_reg_Ternopil,64.52
2024,preschool_wired_gt30,29_reg_Kharkiv,63.53
2024,preschool_wired_gt30,30_reg_Kherson,14.68
2024,preschool_wired_gt30,31_reg_Khmelnytskiy,67.72
2024,preschool_wired_gt30,32_reg_Cherkasy,75.66
2024,preschool_wired_gt30,33_reg_Chernivtsi,88.24
2024,preschool_wired_gt30,34_reg_Chernihiv,50.27
2024,preschool_wired_gt30,35_reg_Kyiv_city,81.1
2024,preschool_wireless_gt30,Ukraine,39.87
2024,preschool_wireless_gt30,11_reg_Vinnytsya,40.55
2024,preschool_wireless_gt30,12_reg_Volyn,34.52
2024,preschool_wireless_gt30,13_reg_Dnipropetrovsk,37.8
2024,preschool_wireless_gt30,14_reg_Donetsk,42.24
2024,preschool_wireless_gt30,15_reg_Zhytomyr,44.06
2024,preschool_wireless_gt30,16_reg_Zakarpattya,51.38
2024,preschool_wireless_gt30,17_reg_Zaporizhzhya,29.1
2024,preschool_wireless_gt30,18_reg_Ivano-Frankivsk,37.36
2024,preschool_wireless_gt30,19_reg_Kyiv,50.95
2024,preschool_wireless_gt30,20_reg_Kirovohrad,40.14
2024,preschool_wireless_gt30,21_reg_Luhansk,14.29
2024,preschool_wireless_gt30,22_reg_Lviv,44.1
2024,preschool_wireless_gt30,23_reg_Mykolayiv,22.35
2024,preschool_wireless_gt30,24_reg_Odesa,31.9
2024,preschool_wireless_gt30,25_reg_Poltava,46.07
2024,preschool_wireless_gt30,26_reg_Rivne,34.73
2024,preschool_wireless_gt30,27_reg_Sumy,28.63
2024,preschool_wireless_gt30,28_reg_Ternopil,24.48
2024,preschool_wireless_gt30,29_reg_Kharkiv,31.69
2024,preschool_wireless_gt30,30_reg_Kherson,11.93
2024,preschool_wireless_gt30,31_reg_Khmelnytskiy,38.98
2024,preschool_wireless_gt30,32_reg_Cherkasy,49.43
2024,preschool_wireless_gt30,33_reg_Chernivtsi,10.74
2024,preschool_wireless_gt30,34_reg_Chernihiv,26.49
2024,preschool_wireless_gt30,35_reg_Kyiv_city,76.83
2024,preschool_wired_or_wireless_gt30,Ukraine,71.18
2024,preschool_wired_or_wireless_gt30,11_reg_Vinnytsya,67.59
2024,preschool_wired_or_wireless_gt30,12_reg_Volyn,65.48
2024,preschool_wired_or_wireless_gt30,13_reg_Dnipropetrovsk,59.54
2024,preschool_wired_or_wireless_gt30,14_reg_Donetsk,55.17
2024,preschool_wired_or_wireless_gt30,15_reg_Zhytomyr,73.6
2024,preschool_wired_or_wireless_gt30,16_reg_Zakarpattya,62.57
2024,preschool_wired_or_wireless_gt30,17_reg_Zaporizhzhya,79.37
2024,preschool_wired_or_wireless_gt30,18_reg_Ivano-Frankivsk,65.45
2024,preschool_wired_or_wireless_gt30,19_reg_Kyiv,82.03
2024,preschool_wired_or_wireless_gt30,20_reg_Kirovohrad,64.79
2024,preschool_wired_or_wireless_gt30,21_reg_Luhansk,14.29
2024,preschool_wired_or_wireless_gt30,22_reg_Lviv,69.64
2024,preschool_wired_or_wireless_gt30,23_reg_Mykolayiv,63.94
2024,preschool_wired_or_wireless_gt30,24_reg_Odesa,86.27
2024,preschool_wired_or_wireless_gt30,25_reg_Poltava,71.07
2024,preschool_wired_or_wireless_gt30,26_reg_Rivne,65.67
2024,preschool_wired_or_wireless_gt30,27_reg_Sumy,79.39
2024,preschool_wired_or_wireless_gt30,28_reg_Ternopil,69.83
2024,preschool_wired_or_wireless_gt30,29_reg_Kharkiv,66.82
2024,preschool_wired_or_wireless_gt30,30_reg_Kherson,16.51
2024,preschool_wired_or_wireless_gt30,31_reg_Khmelnytskiy,72.66
2024,preschool_wired_or_wireless_gt30,32_reg_Cherkasy,82.26
2024,preschool_wired_or_wireless_gt30,33_reg_Chernivtsi,89.0
2024,preschool_wired_or_wireless_gt30,34_reg_Chernihiv,54.59
2024,preschool_wired_or_wireless_gt30,35_reg_Kyiv_city,84.97
2024,secondary_internet_any_speed,Ukraine,
2024,secondary_internet_any_speed,11_reg_Vinnytsya,
2024,secondary_internet_any_speed,12_reg_Volyn,
2024,secondary_internet_any_speed,13_reg_Dnipropetrovsk,
2024,secondary_internet_any_speed,14_reg_Donetsk,
2024,secondary_internet_any_speed,15_reg_Zhytomyr,
2024,secondary_internet_any_speed,16_reg_Zakarpattya,
2024,secondary_internet_any_speed,17_reg_Zaporizhzhya,
2024,secondary_internet_any_speed,18_reg_Ivano-Frankivsk,
2024,secondary_internet_any_speed,19_reg_Kyiv,
2024,secondary_internet_any_speed,20_reg_Kirovohrad,
2024,secondary_internet_any_speed,21_reg_Luhansk,
2024,secondary_internet_any_speed,22_reg_Lviv,
2024,secondary_internet_any_speed,23_reg_Mykolayiv,
2024,secondary_internet_any_speed,24_reg_Odesa,
2024,secondary_internet_any_speed,25_reg_Poltava,
2024,secondary_internet_any_speed,26_reg_Rivne,
2024,secondary_internet_any_speed,27_reg_Sumy,
2024,secondary_internet_any_speed,28_reg_Ternopil,
2024,secondary_internet_any_speed,29_reg_Kharkiv,
2024,secondary_internet_any_speed,30_reg_Kherson,
2024,secondary_internet_any_speed,31_reg_Khmelnytskiy,
2024,secondary_internet_any_speed,32_reg_Cherkasy,
2024,secondary_internet_any_speed,33_reg_Chernivtsi,
2024,secondary_internet_any_speed,34_reg_Chernihiv,
2024,secondary_internet_any_speed,35_reg_Kyiv_city,
2024,secondary_wired_gt30,Ukraine,81.48
2024,secondary_wired_gt30,11_reg_Vinnytsya,83.05
2024,secondary_wired_gt30,12_reg_Volyn,88.04
2024,secondary_wired_gt30,13_reg_Dnipropetrovsk,83.33
2024,secondary_wired_gt30,14_reg_Donetsk,89.96
2024,secondary_wired_gt30,15_reg_Zhytomyr,71.34
2024,secondary_wired_gt30,16_reg_Zakarpattya,71.61
2024,secondary_wired_gt30,17_reg_Zaporizhzhya,50.65
2024,secondary_wired_gt30,18_reg_Ivano-Frankivsk,73.48
2024,secondary_wired_gt30,19_reg_Kyiv,91.29
2024,secondary_wired_gt30,20_reg_Kirovohrad,86.59
2024,secondary_wired_gt30,21_reg_Luhansk,1.2
2024,secondary_wired_gt30,22_reg_Lviv,81.38
2024,secondary_wired_gt30,23_reg_Mykolayiv,71.85
2024,secondary_wired_gt30,24_reg_Odesa,88.94
2024,secondary_wired_gt30,25_reg_Poltava,85.45
2024,secondary_wired_gt30,26_reg_Rivne,92.73
2024,secondary_wired_gt30,27_reg_Sumy,86.08
2024,secondary_wired_gt30,28_reg_Ternopil,88.12
2024,secondary_wired_gt30,29_reg_Kharkiv,72.41
2024,secondary_wired_gt30,30_reg_Kherson,20.81
2024,secondary_wired_gt30,31_reg_Khmelnytskiy,82.31
2024,secondary_wired_gt30,32_reg_Cherkasy,96.2
2024,secondary_wired_gt30,33_reg_Chernivtsi,98.18
2024,secondary_wired_gt30,34_reg_Chernihiv,85.09
2024,secondary_wired_gt30,35_reg_Kyiv_city,88.75
2024,secondary_wireless_gt30,Ukraine,44.84
2024,secondary_wireless_gt30,11_reg_Vinnytsya,39.9
2024,secondary_wireless_gt30,12_reg_Volyn,27.06
2024,secondary_wireless_gt30,13_reg_Dnipropetrovsk,64.02
2024,secondary_wireless_gt30,14_reg_Donetsk,64.66
2024,secondary_wireless_gt30,15_reg_Zhytomyr,46.89
2024,secondary_wireless_gt30,16_reg_Zakarpattya,48.57
2024,secondary_wireless_gt30,17_reg_Zaporizhzhya,39.29
2024,secondary_wireless_gt30,18_reg_Ivano-Frankivsk,12.71
2024,secondary_wireless_gt30,19_reg_Kyiv,59.68
2024,secondary_wireless_gt30,20_reg_Kirovohrad,61.96
2024,secondary_wireless_gt30,21_reg_Luhansk,1.2
2024,secondary_wireless_gt30,22_reg_Lviv,55.29
2024,secondary_wireless_gt30,23_reg_Mykolayiv,35.31
2024,secondary_wireless_gt30,24_reg_Odesa,48.33
2024,secondary_wireless_gt30,25_reg_Poltava,70.49
2024,secondary_wireless_gt30,26_reg_Rivne,4.21
2024,secondary_wireless_gt30,27_reg_Sumy,30.42
2024,secondary_wireless_gt30,28_reg_Ternopil,13.71
2024,secondary_wireless_gt30,29_reg_Kharkiv,43.81
2024,secondary_wireless_gt30,30_reg_Kherson,12.14
2024,secondary_wireless_gt30,31_reg_Khmelnytskiy,37.97
2024,secondary_wireless_gt30,32_reg_Cherkasy,66.75
2024,secondary_wireless_gt30,33_reg_Chernivtsi,64.55
2024,secondary_wireless_gt30,34_reg_Chernihiv,26.83
2024,secondary_wireless_gt30,35_reg_Kyiv_city,77.51
2024,secondary_wired_or_wireless_gt30,Ukraine,84.38
2024,secondary_wired_or_wireless_gt30,11_reg_Vinnytsya,87.16
2024,secondary_wired_or_wireless_gt30,12_reg_Volyn,89.41
2024,secondary_wired_or_wireless_gt30,13_reg_Dnipropetrovsk,85.61
2024,secondary_wired_or_wireless_gt30,14_reg_Donetsk,95.18
2024,secondary_wired_or_wireless_gt30,15_reg_Zhytomyr,77.56
2024,secondary_wired_or_wireless_gt30,16_reg_Zakarpattya,75.71
2024,secondary_wired_or_wireless_gt30,17_reg_Zaporizhzhya,52.92
2024,secondary_wired_or_wireless_gt30,18_reg_Ivano-Frankivsk,75.32
2024,secondary_wired_or_wireless_gt30,19_reg_Kyiv,94.03
2024,secondary_wired_or_wireless_gt30,20_reg_Kirovohrad,90.58
2024,secondary_wired_or_wireless_gt30,21_reg_Luhansk,1.2
2024,secondary_wired_or_wireless_gt30,22_reg_Lviv,86.11
2024,secondary_wired_or_wireless_gt30,23_reg_Mykolayiv,77.28
2024,secondary_wired_or_wireless_gt30,24_reg_Odesa,95.92
2024,secondary_wired_or_wireless_gt30,25_reg_Poltava,91.6
2024,secondary_wired_or_wireless_gt30,26_reg_Rivne,93.5
2024,secondary_wired_or_wireless_gt30,27_reg_Sumy,87.7
2024,secondary_wired_or_wireless_gt30,28_reg_Ternopil,89.58
2024,secondary_wired_or_wireless_gt30,29_reg_Kharkiv,74.75
2024,secondary_wired_or_wireless_gt30,30_reg_Kherson,23.7
2024,secondary_wired_or_wireless_gt30,31_reg_Khmelnytskiy,84.49
2024,secondary_wired_or_wireless_gt30,32_reg_Cherkasy,97.62
2024,secondary_wired_or_wireless_gt30,33_reg_Chernivtsi,99.09
2024,secondary_wired_or_wireless_gt30,34_reg_Chernihiv,88.35
2024,secondary_wired_or_wireless_gt30,35_reg_Kyiv_city,93.94
